0,src/java/org/apache/lucene/analysis/br/BrazilianAnalyzer.java
1,src/java/org/apache/lucene/analysis/br/BrazilianStemFilter.java
2,src/java/org/apache/lucene/analysis/br/BrazilianStemmer.java
3,src/java/org/apache/lucene/analysis/cjk/CJKAnalyzer.java
4,src/java/org/apache/lucene/analysis/cjk/CJKTokenizer.java
5,src/java/org/apache/lucene/analysis/cn/ChineseAnalyzer.java
6,src/java/org/apache/lucene/analysis/cn/ChineseFilter.java
7,src/java/org/apache/lucene/analysis/cn/ChineseTokenizer.java
8,src/java/org/apache/lucene/analysis/cz/CzechAnalyzer.java
9,src/java/org/apache/lucene/analysis/de/GermanAnalyzer.java
10,src/java/org/apache/lucene/analysis/de/GermanStemFilter.java
11,src/java/org/apache/lucene/analysis/de/GermanStemmer.java
12,src/java/org/apache/lucene/analysis/el/GreekAnalyzer.java
13,src/java/org/apache/lucene/analysis/el/GreekCharsets.java
14,src/java/org/apache/lucene/analysis/el/GreekLowerCaseFilter.java
15,src/java/org/apache/lucene/analysis/fr/ElisionFilter.java
16,src/java/org/apache/lucene/analysis/fr/FrenchAnalyzer.java
17,src/java/org/apache/lucene/analysis/fr/FrenchStemFilter.java
18,src/java/org/apache/lucene/analysis/fr/FrenchStemmer.java
19,src/java/org/apache/lucene/analysis/ngram/EdgeNGramTokenFilter.java
20,src/java/org/apache/lucene/analysis/ngram/EdgeNGramTokenizer.java
21,src/java/org/apache/lucene/analysis/ngram/NGramTokenFilter.java
22,src/java/org/apache/lucene/analysis/ngram/NGramTokenizer.java
23,src/java/org/apache/lucene/analysis/nl/DutchAnalyzer.java
24,src/java/org/apache/lucene/analysis/nl/DutchStemFilter.java
25,src/java/org/apache/lucene/analysis/nl/DutchStemmer.java
26,src/java/org/apache/lucene/analysis/nl/WordlistLoader.java
27,src/java/org/apache/lucene/analysis/payloads/NumericPayloadTokenFilter.java
28,src/java/org/apache/lucene/analysis/payloads/PayloadHelper.java
29,src/java/org/apache/lucene/analysis/payloads/TokenOffsetPayloadTokenFilter.java
30,src/java/org/apache/lucene/analysis/payloads/TypeAsPayloadTokenFilter.java
31,src/java/org/apache/lucene/analysis/ru/RussianAnalyzer.java
32,src/java/org/apache/lucene/analysis/ru/RussianCharsets.java
33,src/java/org/apache/lucene/analysis/ru/RussianLetterTokenizer.java
34,src/java/org/apache/lucene/analysis/ru/RussianLowerCaseFilter.java
35,src/java/org/apache/lucene/analysis/ru/RussianStemFilter.java
36,src/java/org/apache/lucene/analysis/ru/RussianStemmer.java
37,src/java/org/apache/lucene/analysis/sinks/DateRecognizerSinkTokenizer.java
38,src/java/org/apache/lucene/analysis/sinks/TokenRangeSinkTokenizer.java
39,src/java/org/apache/lucene/analysis/sinks/TokenTypeSinkTokenizer.java
40,src/java/org/apache/lucene/analysis/th/ThaiAnalyzer.java
41,src/java/org/apache/lucene/analysis/th/ThaiWordFilter.java
42,src/test/org/apache/lucene/analysis/cn/TestChineseTokenizer.java
43,src/test/org/apache/lucene/analysis/de/TestGermanStemFilter.java
44,src/test/org/apache/lucene/analysis/el/GreekAnalyzerTest.java
45,src/test/org/apache/lucene/analysis/fr/TestElision.java
46,src/test/org/apache/lucene/analysis/fr/TestFrenchAnalyzer.java
47,src/test/org/apache/lucene/analysis/ngram/EdgeNGramTokenFilterTest.java
48,src/test/org/apache/lucene/analysis/ngram/EdgeNGramTokenizerTest.java
49,src/test/org/apache/lucene/analysis/ngram/NGramTokenFilterTest.java
50,src/test/org/apache/lucene/analysis/ngram/NGramTokenizerTest.java
51,src/test/org/apache/lucene/analysis/payloads/NumericPayloadTokenFilterTest.java
52,src/test/org/apache/lucene/analysis/payloads/TokenOffsetPayloadTokenFilterTest.java
53,src/test/org/apache/lucene/analysis/payloads/TypeAsPayloadTokenFilterTest.java
54,src/test/org/apache/lucene/analysis/ru/TestRussianAnalyzer.java
55,src/test/org/apache/lucene/analysis/ru/TestRussianStem.java
56,src/test/org/apache/lucene/analysis/sinks/DateRecognizerSinkTokenizerTest.java
57,src/test/org/apache/lucene/analysis/sinks/TokenRangeSinkTokenizerTest.java
58,src/test/org/apache/lucene/analysis/sinks/TokenTypeSinkTokenizerTest.java
59,src/test/org/apache/lucene/analysis/th/TestThaiAnalyzer.java
60,src/java/org/apache/lucene/ant/ConfigurableDocumentHandler.java
61,src/java/org/apache/lucene/ant/DocumentHandler.java
62,src/java/org/apache/lucene/ant/DocumentHandlerException.java
63,src/java/org/apache/lucene/ant/FileExtensionDocumentHandler.java
64,src/java/org/apache/lucene/ant/HtmlDocument.java
65,src/java/org/apache/lucene/ant/IndexTask.java
66,src/java/org/apache/lucene/ant/TextDocument.java
67,src/test/org/apache/lucene/ant/DocumentTestCase.java
68,src/test/org/apache/lucene/ant/HtmlDocumentTest.java
69,src/test/org/apache/lucene/ant/IndexTaskTest.java
70,src/test/org/apache/lucene/ant/TextDocumentTest.java
71,src/java/org/apache/lucene/benchmark/AbstractBenchmarker.java
72,src/java/org/apache/lucene/benchmark/Benchmarker.java
73,src/java/org/apache/lucene/benchmark/BenchmarkOptions.java
74,src/java/org/apache/lucene/benchmark/byTask/Benchmark.java
75,src/java/org/apache/lucene/benchmark/byTask/feeds/AbstractQueryMaker.java
76,src/java/org/apache/lucene/benchmark/byTask/feeds/BasicDocMaker.java
77,src/java/org/apache/lucene/benchmark/byTask/feeds/DemoHTMLParser.java
78,src/java/org/apache/lucene/benchmark/byTask/feeds/DirDocMaker.java
79,src/java/org/apache/lucene/benchmark/byTask/feeds/DocData.java
80,src/java/org/apache/lucene/benchmark/byTask/feeds/DocMaker.java
81,src/java/org/apache/lucene/benchmark/byTask/feeds/EnwikiDocMaker.java
82,src/java/org/apache/lucene/benchmark/byTask/feeds/FileBasedQueryMaker.java
83,src/java/org/apache/lucene/benchmark/byTask/feeds/HTMLParser.java
84,src/java/org/apache/lucene/benchmark/byTask/feeds/LineDocMaker.java
85,src/java/org/apache/lucene/benchmark/byTask/feeds/NoMoreDataException.java
86,src/java/org/apache/lucene/benchmark/byTask/feeds/QueryMaker.java
87,src/java/org/apache/lucene/benchmark/byTask/feeds/ReutersDocMaker.java
88,src/java/org/apache/lucene/benchmark/byTask/feeds/ReutersQueryMaker.java
89,src/java/org/apache/lucene/benchmark/byTask/feeds/SimpleDocMaker.java
90,src/java/org/apache/lucene/benchmark/byTask/feeds/SimpleQueryMaker.java
91,src/java/org/apache/lucene/benchmark/byTask/feeds/SimpleSloppyPhraseQueryMaker.java
92,src/java/org/apache/lucene/benchmark/byTask/feeds/TrecDocMaker.java
93,src/java/org/apache/lucene/benchmark/byTask/PerfRunData.java
94,src/java/org/apache/lucene/benchmark/byTask/programmatic/Sample.java
95,src/java/org/apache/lucene/benchmark/byTask/stats/Points.java
96,src/java/org/apache/lucene/benchmark/byTask/stats/Report.java
97,src/java/org/apache/lucene/benchmark/byTask/stats/TaskStats.java
98,src/java/org/apache/lucene/benchmark/byTask/tasks/AddDocTask.java
99,src/java/org/apache/lucene/benchmark/byTask/tasks/ClearStatsTask.java
100,src/java/org/apache/lucene/benchmark/byTask/tasks/CloseIndexTask.java
101,src/java/org/apache/lucene/benchmark/byTask/tasks/CloseReaderTask.java
102,src/java/org/apache/lucene/benchmark/byTask/tasks/CreateIndexTask.java
103,src/java/org/apache/lucene/benchmark/byTask/tasks/DeleteDocTask.java
104,src/java/org/apache/lucene/benchmark/byTask/tasks/NewAnalyzerTask.java
105,src/java/org/apache/lucene/benchmark/byTask/tasks/OpenIndexTask.java
106,src/java/org/apache/lucene/benchmark/byTask/tasks/OpenReaderTask.java
107,src/java/org/apache/lucene/benchmark/byTask/tasks/OptimizeTask.java
108,src/java/org/apache/lucene/benchmark/byTask/tasks/PerfTask.java
109,src/java/org/apache/lucene/benchmark/byTask/tasks/ReadTask.java
110,src/java/org/apache/lucene/benchmark/byTask/tasks/ReadTokensTask.java
111,src/java/org/apache/lucene/benchmark/byTask/tasks/RepAllTask.java
112,src/java/org/apache/lucene/benchmark/byTask/tasks/ReportTask.java
113,src/java/org/apache/lucene/benchmark/byTask/tasks/RepSelectByPrefTask.java
114,src/java/org/apache/lucene/benchmark/byTask/tasks/RepSumByNameRoundTask.java
115,src/java/org/apache/lucene/benchmark/byTask/tasks/RepSumByNameTask.java
116,src/java/org/apache/lucene/benchmark/byTask/tasks/RepSumByPrefRoundTask.java
117,src/java/org/apache/lucene/benchmark/byTask/tasks/RepSumByPrefTask.java
118,src/java/org/apache/lucene/benchmark/byTask/tasks/ResetInputsTask.java
119,src/java/org/apache/lucene/benchmark/byTask/tasks/ResetSystemEraseTask.java
120,src/java/org/apache/lucene/benchmark/byTask/tasks/ResetSystemSoftTask.java
121,src/java/org/apache/lucene/benchmark/byTask/tasks/SearchTask.java
122,src/java/org/apache/lucene/benchmark/byTask/tasks/SearchTravRetLoadFieldSelectorTask.java
123,src/java/org/apache/lucene/benchmark/byTask/tasks/SearchTravRetTask.java
124,src/java/org/apache/lucene/benchmark/byTask/tasks/SearchTravTask.java
125,src/java/org/apache/lucene/benchmark/byTask/tasks/SetPropTask.java
126,src/java/org/apache/lucene/benchmark/byTask/tasks/TaskSequence.java
127,src/java/org/apache/lucene/benchmark/byTask/tasks/WarmTask.java
128,src/java/org/apache/lucene/benchmark/byTask/tasks/WriteLineDocTask.java
129,src/java/org/apache/lucene/benchmark/byTask/utils/Algorithm.java
130,src/java/org/apache/lucene/benchmark/byTask/utils/Config.java
131,src/java/org/apache/lucene/benchmark/byTask/utils/FileUtils.java
132,src/java/org/apache/lucene/benchmark/byTask/utils/Format.java
133,src/java/org/apache/lucene/benchmark/Constants.java
134,src/java/org/apache/lucene/benchmark/Driver.java
135,src/java/org/apache/lucene/benchmark/quality/Judge.java
136,src/java/org/apache/lucene/benchmark/quality/QualityBenchmark.java
137,src/java/org/apache/lucene/benchmark/quality/QualityQuery.java
138,src/java/org/apache/lucene/benchmark/quality/QualityQueryParser.java
139,src/java/org/apache/lucene/benchmark/quality/QualityStats.java
140,src/java/org/apache/lucene/benchmark/quality/trec/QueryDriver.java
141,src/java/org/apache/lucene/benchmark/quality/trec/Trec1MQReader.java
142,src/java/org/apache/lucene/benchmark/quality/trec/TrecJudge.java
143,src/java/org/apache/lucene/benchmark/quality/trec/TrecTopicsReader.java
144,src/java/org/apache/lucene/benchmark/quality/utils/DocNameExtractor.java
145,src/java/org/apache/lucene/benchmark/quality/utils/QualityQueriesFinder.java
146,src/java/org/apache/lucene/benchmark/quality/utils/SimpleQQParser.java
147,src/java/org/apache/lucene/benchmark/quality/utils/SubmissionReport.java
148,src/java/org/apache/lucene/benchmark/standard/ReutersQueries.java
149,src/java/org/apache/lucene/benchmark/standard/StandardBenchmarker.java
150,src/java/org/apache/lucene/benchmark/standard/StandardOptions.java
151,src/java/org/apache/lucene/benchmark/stats/MemUsage.java
152,src/java/org/apache/lucene/benchmark/stats/QueryData.java
153,src/java/org/apache/lucene/benchmark/stats/TestData.java
154,src/java/org/apache/lucene/benchmark/stats/TestRunData.java
155,src/java/org/apache/lucene/benchmark/stats/TimeData.java
156,src/java/org/apache/lucene/benchmark/utils/ExtractReuters.java
157,src/java/org/apache/lucene/benchmark/utils/ExtractWikipedia.java
158,src/test/org/apache/lucene/benchmark/byTask/tasks/CountingSearchTestTask.java
159,src/test/org/apache/lucene/benchmark/byTask/TestPerfTasksLogic.java
160,src/test/org/apache/lucene/benchmark/byTask/TestPerfTasksParse.java
161,src/test/org/apache/lucene/benchmark/quality/TestQualityRun.java
162,src/java/org/apache/lucene/store/je/Block.java
163,src/java/org/apache/lucene/store/je/File.java
164,src/java/org/apache/lucene/store/je/JEDirectory.java
165,src/java/org/apache/lucene/store/je/JEIndexInput.java
166,src/java/org/apache/lucene/store/je/JEIndexOutput.java
167,src/java/org/apache/lucene/store/je/JELock.java
168,src/test/org/apache/lucene/store/je/JEStoreTest.java
169,src/java/com/sleepycat/db/DbHandleExtractor.java
170,src/java/org/apache/lucene/store/db/Block.java
171,src/java/org/apache/lucene/store/db/DbDirectory.java
172,src/java/org/apache/lucene/store/db/DbIndexInput.java
173,src/java/org/apache/lucene/store/db/DbIndexOutput.java
174,src/java/org/apache/lucene/store/db/DbLock.java
175,src/java/org/apache/lucene/store/db/File.java
176,src/test/org/apache/lucene/store/db/DbStoreTest.java
177,src/test/org/apache/lucene/store/db/SanityLoadLibrary.java
178,src/java/org/apache/lucene/search/highlight/DefaultEncoder.java
179,src/java/org/apache/lucene/search/highlight/Encoder.java
180,src/java/org/apache/lucene/search/highlight/Formatter.java
181,src/java/org/apache/lucene/search/highlight/Fragmenter.java
182,src/java/org/apache/lucene/search/highlight/GradientFormatter.java
183,src/java/org/apache/lucene/search/highlight/Highlighter.java
184,src/java/org/apache/lucene/search/highlight/NullFragmenter.java
185,src/java/org/apache/lucene/search/highlight/QueryScorer.java
186,src/java/org/apache/lucene/search/highlight/QueryTermExtractor.java
187,src/java/org/apache/lucene/search/highlight/Scorer.java
188,src/java/org/apache/lucene/search/highlight/SimpleFragmenter.java
189,src/java/org/apache/lucene/search/highlight/SimpleHTMLEncoder.java
190,src/java/org/apache/lucene/search/highlight/SimpleHTMLFormatter.java
191,src/java/org/apache/lucene/search/highlight/SpanGradientFormatter.java
192,src/java/org/apache/lucene/search/highlight/TextFragment.java
193,src/java/org/apache/lucene/search/highlight/TokenGroup.java
194,src/java/org/apache/lucene/search/highlight/TokenSources.java
195,src/java/org/apache/lucene/search/highlight/WeightedTerm.java
196,src/test/org/apache/lucene/search/highlight/HighlighterTest.java
197,src/java/lucli/LuceneMethods.java
198,src/java/lucli/Lucli.java
199,src/java/org/apache/lucene/index/memory/AnalyzerUtil.java
200,src/java/org/apache/lucene/index/memory/MemoryIndex.java
201,src/java/org/apache/lucene/index/memory/PatternAnalyzer.java
202,src/java/org/apache/lucene/index/memory/SynonymMap.java
203,src/java/org/apache/lucene/index/memory/SynonymTokenFilter.java
204,src/test/org/apache/lucene/index/memory/MemoryIndexTest.java
205,src/test/org/apache/lucene/index/memory/PatternAnalyzerTest.java
206,src/java/org/apache/lucene/index/FieldNormModifier.java
207,src/java/org/apache/lucene/misc/ChainedFilter.java
208,src/java/org/apache/lucene/misc/HighFreqTerms.java
209,src/java/org/apache/lucene/misc/IndexMergeTool.java
210,src/java/org/apache/lucene/misc/LengthNormModifier.java
211,src/java/org/apache/lucene/misc/SweetSpotSimilarity.java
212,src/java/org/apache/lucene/queryParser/analyzing/AnalyzingQueryParser.java
213,src/java/org/apache/lucene/queryParser/precedence/CharStream.java
214,src/java/org/apache/lucene/queryParser/precedence/FastCharStream.java
215,src/java/org/apache/lucene/queryParser/precedence/ParseException.java
216,src/java/org/apache/lucene/queryParser/precedence/PrecedenceQueryParser.java
217,src/java/org/apache/lucene/queryParser/precedence/PrecedenceQueryParserConstants.java
218,src/java/org/apache/lucene/queryParser/precedence/PrecedenceQueryParserTokenManager.java
219,src/java/org/apache/lucene/queryParser/precedence/Token.java
220,src/java/org/apache/lucene/queryParser/precedence/TokenMgrError.java
221,src/test/org/apache/lucene/index/TestFieldNormModifier.java
222,src/test/org/apache/lucene/misc/ChainedFilterTest.java
223,src/test/org/apache/lucene/misc/SweetSpotSimilarityTest.java
224,src/test/org/apache/lucene/misc/TestLengthNormModifier.java
225,src/test/org/apache/lucene/queryParser/analyzing/TestAnalyzingQueryParser.java
226,src/test/org/apache/lucene/queryParser/precedence/TestPrecedenceQueryParser.java
227,src/java/org/apache/lucene/search/BooleanFilter.java
228,src/java/org/apache/lucene/search/BoostingQuery.java
229,src/java/org/apache/lucene/search/DuplicateFilter.java
230,src/java/org/apache/lucene/search/FilterClause.java
231,src/java/org/apache/lucene/search/FuzzyLikeThisQuery.java
232,src/java/org/apache/lucene/search/similar/MoreLikeThis.java
233,src/java/org/apache/lucene/search/similar/MoreLikeThisQuery.java
234,src/java/org/apache/lucene/search/similar/SimilarityQueries.java
235,src/java/org/apache/lucene/search/TermsFilter.java
236,src/test/org/apache/lucene/search/BooleanFilterTest.java
237,src/test/org/apache/lucene/search/DuplicateFilterTest.java
238,src/java/org/apache/lucene/search/regex/JakartaRegexpCapabilities.java
239,src/java/org/apache/lucene/search/regex/JavaUtilRegexCapabilities.java
240,src/java/org/apache/lucene/search/regex/RegexCapabilities.java
241,src/java/org/apache/lucene/search/regex/RegexQuery.java
242,src/java/org/apache/lucene/search/regex/RegexQueryCapable.java
243,src/java/org/apache/lucene/search/regex/RegexTermEnum.java
244,src/java/org/apache/lucene/search/regex/SpanRegexQuery.java
245,src/java/org/apache/regexp/RegexpTunnel.java
246,src/test/org/apache/lucene/search/regex/TestRegexQuery.java
247,src/test/org/apache/lucene/search/regex/TestSpanRegexQuery.java
248,src/java/net/sf/snowball/Among.java
249,src/java/net/sf/snowball/ext/DanishStemmer.java
250,src/java/net/sf/snowball/ext/DutchStemmer.java
251,src/java/net/sf/snowball/ext/EnglishStemmer.java
252,src/java/net/sf/snowball/ext/FinnishStemmer.java
253,src/java/net/sf/snowball/ext/FrenchStemmer.java
254,src/java/net/sf/snowball/ext/German2Stemmer.java
255,src/java/net/sf/snowball/ext/GermanStemmer.java
256,src/java/net/sf/snowball/ext/ItalianStemmer.java
257,src/java/net/sf/snowball/ext/KpStemmer.java
258,src/java/net/sf/snowball/ext/LovinsStemmer.java
259,src/java/net/sf/snowball/ext/NorwegianStemmer.java
260,src/java/net/sf/snowball/ext/PorterStemmer.java
261,src/java/net/sf/snowball/ext/PortugueseStemmer.java
262,src/java/net/sf/snowball/ext/RussianStemmer.java
263,src/java/net/sf/snowball/ext/SpanishStemmer.java
264,src/java/net/sf/snowball/ext/SwedishStemmer.java
265,src/java/net/sf/snowball/SnowballProgram.java
266,src/java/net/sf/snowball/TestApp.java
267,src/java/org/apache/lucene/analysis/snowball/SnowballAnalyzer.java
268,src/java/org/apache/lucene/analysis/snowball/SnowballFilter.java
269,src/test/org/apache/lucene/analysis/snowball/TestSnowball.java
270,src/java/org/apache/lucene/search/spell/Dictionary.java
271,src/java/org/apache/lucene/search/spell/LuceneDictionary.java
272,src/java/org/apache/lucene/search/spell/PlainTextDictionary.java
273,src/java/org/apache/lucene/search/spell/SpellChecker.java
274,src/java/org/apache/lucene/search/spell/SuggestWord.java
275,src/java/org/apache/lucene/search/spell/SuggestWordQueue.java
276,src/java/org/apache/lucene/search/spell/TRStringDistance.java
277,src/test/org/apache/lucene/search/spell/TestLuceneDictionary.java
278,src/test/org/apache/lucene/search/spell/TestPlainTextDictionary.java
279,src/test/org/apache/lucene/search/spell/TestSpellChecker.java
280,src/java/org/apache/lucene/queryParser/surround/parser/CharStream.java
281,src/java/org/apache/lucene/queryParser/surround/parser/FastCharStream.java
282,src/java/org/apache/lucene/queryParser/surround/parser/ParseException.java
283,src/java/org/apache/lucene/queryParser/surround/parser/QueryParser.java
284,src/java/org/apache/lucene/queryParser/surround/parser/QueryParserConstants.java
285,src/java/org/apache/lucene/queryParser/surround/parser/QueryParserTokenManager.java
286,src/java/org/apache/lucene/queryParser/surround/query/AndQuery.java
287,src/java/org/apache/lucene/queryParser/surround/query/BasicQueryFactory.java
288,src/java/org/apache/lucene/queryParser/surround/query/ComposedQuery.java
289,src/java/org/apache/lucene/queryParser/surround/query/DistanceQuery.java
290,src/java/org/apache/lucene/queryParser/surround/query/DistanceSubQuery.java
291,src/java/org/apache/lucene/queryParser/surround/query/FieldsQuery.java
292,src/java/org/apache/lucene/queryParser/surround/query/NotQuery.java
293,src/java/org/apache/lucene/queryParser/surround/query/OrQuery.java
294,src/java/org/apache/lucene/queryParser/surround/query/SimpleTerm.java
295,src/java/org/apache/lucene/queryParser/surround/query/SpanNearClauseFactory.java
296,src/java/org/apache/lucene/queryParser/surround/query/SrndBooleanQuery.java
297,src/java/org/apache/lucene/queryParser/surround/query/SrndPrefixQuery.java
298,src/java/org/apache/lucene/queryParser/surround/query/SrndQuery.java
299,src/java/org/apache/lucene/queryParser/surround/query/SrndTermQuery.java
300,src/java/org/apache/lucene/queryParser/surround/query/SrndTruncQuery.java
301,src/java/org/apache/lucene/queryParser/surround/query/TooManyBasicQueries.java
302,src/test/org/apache/lucene/queryParser/surround/query/BooleanQueryTst.java
303,src/test/org/apache/lucene/queryParser/surround/query/ExceptionQueryTst.java
304,src/test/org/apache/lucene/queryParser/surround/query/SingleFieldTestDb.java
305,src/test/org/apache/lucene/queryParser/surround/query/Test01Exceptions.java
306,src/test/org/apache/lucene/queryParser/surround/query/Test02Boolean.java
307,src/test/org/apache/lucene/queryParser/surround/query/Test03Distance.java
308,src/java/org/apache/lucene/swing/models/ListSearcher.java
309,src/java/org/apache/lucene/swing/models/TableSearcher.java
310,src/test/org/apache/lucene/swing/models/BaseListModel.java
311,src/test/org/apache/lucene/swing/models/BaseTableModel.java
312,src/test/org/apache/lucene/swing/models/DataStore.java
313,src/test/org/apache/lucene/swing/models/ListSearcherSimulator.java
314,src/test/org/apache/lucene/swing/models/RestaurantInfo.java
315,src/test/org/apache/lucene/swing/models/TableSearcherSimulator.java
316,src/test/org/apache/lucene/swing/models/TestBasicList.java
317,src/test/org/apache/lucene/swing/models/TestBasicTable.java
318,src/test/org/apache/lucene/swing/models/TestSearchingList.java
319,src/test/org/apache/lucene/swing/models/TestSearchingTable.java
320,src/test/org/apache/lucene/swing/models/TestUpdatingList.java
321,src/java/org/apache/lucene/wikipedia/analysis/WikipediaTokenizer.java
322,src/java/org/apache/lucene/wikipedia/analysis/WikipediaTokenizerImpl.java
323,src/test/org/apache/lucene/wikipedia/analysis/WikipediaTokenizerTest.java
324,src/java/org/apache/lucene/wordnet/SynExpand.java
325,src/java/org/apache/lucene/wordnet/SynLookup.java
326,src/java/org/apache/lucene/wordnet/Syns2Index.java
327,src/java/org/apache/lucene/xmlparser/builders/BooleanFilterBuilder.java
328,src/java/org/apache/lucene/xmlparser/builders/BooleanQueryBuilder.java
329,src/java/org/apache/lucene/xmlparser/builders/BoostingQueryBuilder.java
330,src/java/org/apache/lucene/xmlparser/builders/CachedFilterBuilder.java
331,src/java/org/apache/lucene/xmlparser/builders/ConstantScoreQueryBuilder.java
332,src/java/org/apache/lucene/xmlparser/builders/DuplicateFilterBuilder.java
333,src/java/org/apache/lucene/xmlparser/builders/FilteredQueryBuilder.java
334,src/java/org/apache/lucene/xmlparser/builders/FuzzyLikeThisQueryBuilder.java
335,src/java/org/apache/lucene/xmlparser/builders/LikeThisQueryBuilder.java
336,src/java/org/apache/lucene/xmlparser/builders/MatchAllDocsQueryBuilder.java
337,src/java/org/apache/lucene/xmlparser/builders/RangeFilterBuilder.java
338,src/java/org/apache/lucene/xmlparser/builders/SpanBuilderBase.java
339,src/java/org/apache/lucene/xmlparser/builders/SpanFirstBuilder.java
340,src/java/org/apache/lucene/xmlparser/builders/SpanNearBuilder.java
341,src/java/org/apache/lucene/xmlparser/builders/SpanNotBuilder.java
342,src/java/org/apache/lucene/xmlparser/builders/SpanOrBuilder.java
343,src/java/org/apache/lucene/xmlparser/builders/SpanOrTermsBuilder.java
344,src/java/org/apache/lucene/xmlparser/builders/SpanQueryBuilder.java
345,src/java/org/apache/lucene/xmlparser/builders/SpanQueryBuilderFactory.java
346,src/java/org/apache/lucene/xmlparser/builders/SpanTermBuilder.java
347,src/java/org/apache/lucene/xmlparser/builders/TermQueryBuilder.java
348,src/java/org/apache/lucene/xmlparser/builders/TermsFilterBuilder.java
349,src/java/org/apache/lucene/xmlparser/builders/TermsQueryBuilder.java
350,src/java/org/apache/lucene/xmlparser/builders/UserInputQueryBuilder.java
351,src/java/org/apache/lucene/xmlparser/CoreParser.java
352,src/java/org/apache/lucene/xmlparser/CorePlusExtensionsParser.java
353,src/java/org/apache/lucene/xmlparser/DOMUtils.java
354,src/java/org/apache/lucene/xmlparser/FilterBuilder.java
355,src/java/org/apache/lucene/xmlparser/FilterBuilderFactory.java
356,src/java/org/apache/lucene/xmlparser/ParserException.java
357,src/java/org/apache/lucene/xmlparser/QueryBuilder.java
358,src/java/org/apache/lucene/xmlparser/QueryBuilderFactory.java
359,src/java/org/apache/lucene/xmlparser/QueryTemplateManager.java
360,src/test/org/apache/lucene/xmlparser/TestParser.java
361,src/test/org/apache/lucene/xmlparser/TestQueryTemplateManager.java
362,src/demo/org/apache/lucene/demo/DeleteFiles.java
363,src/demo/org/apache/lucene/demo/FileDocument.java
364,src/demo/org/apache/lucene/demo/html/Entities.java
365,src/demo/org/apache/lucene/demo/html/HTMLParser.java
366,src/demo/org/apache/lucene/demo/html/HTMLParserConstants.java
367,src/demo/org/apache/lucene/demo/html/HTMLParserTokenManager.java
368,src/demo/org/apache/lucene/demo/html/ParseException.java
369,src/demo/org/apache/lucene/demo/html/ParserThread.java
370,src/demo/org/apache/lucene/demo/html/SimpleCharStream.java
371,src/demo/org/apache/lucene/demo/html/Tags.java
372,src/demo/org/apache/lucene/demo/html/Test.java
373,src/demo/org/apache/lucene/demo/html/TokenMgrError.java
374,src/demo/org/apache/lucene/demo/HTMLDocument.java
375,src/demo/org/apache/lucene/demo/IndexFiles.java
376,src/demo/org/apache/lucene/demo/IndexHTML.java
377,src/demo/org/apache/lucene/demo/SearchFiles.java
378,src/gcj/org/apache/lucene/index/GCJSegmentReader.java
379,src/gcj/org/apache/lucene/index/GCJTermDocs.java
380,src/gcj/org/apache/lucene/store/GCJDirectory.java
381,src/gcj/org/apache/lucene/store/GCJIndexInput.java
382,src/java/org/apache/lucene/analysis/Analyzer.java
383,src/java/org/apache/lucene/analysis/CachingTokenFilter.java
384,src/java/org/apache/lucene/analysis/CharArraySet.java
385,src/java/org/apache/lucene/analysis/CharTokenizer.java
386,src/java/org/apache/lucene/analysis/ISOLatin1AccentFilter.java
387,src/java/org/apache/lucene/analysis/KeywordAnalyzer.java
388,src/java/org/apache/lucene/analysis/KeywordTokenizer.java
389,src/java/org/apache/lucene/analysis/LengthFilter.java
390,src/java/org/apache/lucene/analysis/LetterTokenizer.java
391,src/java/org/apache/lucene/analysis/LowerCaseFilter.java
392,src/java/org/apache/lucene/analysis/LowerCaseTokenizer.java
393,src/java/org/apache/lucene/analysis/PerFieldAnalyzerWrapper.java
394,src/java/org/apache/lucene/analysis/PorterStemFilter.java
395,src/java/org/apache/lucene/analysis/PorterStemmer.java
396,src/java/org/apache/lucene/analysis/SimpleAnalyzer.java
397,src/java/org/apache/lucene/analysis/SinkTokenizer.java
398,src/java/org/apache/lucene/analysis/standard/StandardAnalyzer.java
399,src/java/org/apache/lucene/analysis/standard/StandardFilter.java
400,src/java/org/apache/lucene/analysis/standard/StandardTokenizer.java
401,src/java/org/apache/lucene/analysis/standard/StandardTokenizerImpl.java
402,src/java/org/apache/lucene/analysis/StopAnalyzer.java
403,src/java/org/apache/lucene/analysis/StopFilter.java
404,src/java/org/apache/lucene/analysis/TeeTokenFilter.java
405,src/java/org/apache/lucene/analysis/Token.java
406,src/java/org/apache/lucene/analysis/TokenFilter.java
407,src/java/org/apache/lucene/analysis/Tokenizer.java
408,src/java/org/apache/lucene/analysis/TokenStream.java
409,src/java/org/apache/lucene/analysis/WhitespaceAnalyzer.java
410,src/java/org/apache/lucene/analysis/WhitespaceTokenizer.java
411,src/java/org/apache/lucene/analysis/WordlistLoader.java
412,src/java/org/apache/lucene/document/AbstractField.java
413,src/java/org/apache/lucene/document/DateField.java
414,src/java/org/apache/lucene/document/DateTools.java
415,src/java/org/apache/lucene/document/Document.java
416,src/java/org/apache/lucene/document/Field.java
417,src/java/org/apache/lucene/document/Fieldable.java
418,src/java/org/apache/lucene/document/FieldSelector.java
419,src/java/org/apache/lucene/document/FieldSelectorResult.java
420,src/java/org/apache/lucene/document/LoadFirstFieldSelector.java
421,src/java/org/apache/lucene/document/MapFieldSelector.java
422,src/java/org/apache/lucene/document/NumberTools.java
423,src/java/org/apache/lucene/document/SetBasedFieldSelector.java
424,src/java/org/apache/lucene/index/CheckIndex.java
425,src/java/org/apache/lucene/index/CompoundFileReader.java
426,src/java/org/apache/lucene/index/CompoundFileWriter.java
427,src/java/org/apache/lucene/index/ConcurrentMergeScheduler.java
428,src/java/org/apache/lucene/index/CorruptIndexException.java
429,src/java/org/apache/lucene/index/DefaultSkipListReader.java
430,src/java/org/apache/lucene/index/DefaultSkipListWriter.java
431,src/java/org/apache/lucene/index/DirectoryIndexReader.java
432,src/java/org/apache/lucene/index/DocumentsWriter.java
433,src/java/org/apache/lucene/index/FieldInfo.java
434,src/java/org/apache/lucene/index/FieldInfos.java
435,src/java/org/apache/lucene/index/FieldReaderException.java
436,src/java/org/apache/lucene/index/FieldSortedTermVectorMapper.java
437,src/java/org/apache/lucene/index/FieldsReader.java
438,src/java/org/apache/lucene/index/FieldsWriter.java
439,src/java/org/apache/lucene/index/FilterIndexReader.java
440,src/java/org/apache/lucene/index/IndexCommitPoint.java
441,src/java/org/apache/lucene/index/IndexDeletionPolicy.java
442,src/java/org/apache/lucene/index/IndexFileDeleter.java
443,src/java/org/apache/lucene/index/IndexFileNameFilter.java
444,src/java/org/apache/lucene/index/IndexFileNames.java
445,src/java/org/apache/lucene/index/IndexModifier.java
446,src/java/org/apache/lucene/index/IndexReader.java
447,src/java/org/apache/lucene/index/IndexWriter.java
448,src/java/org/apache/lucene/index/KeepOnlyLastCommitDeletionPolicy.java
449,src/java/org/apache/lucene/index/LogByteSizeMergePolicy.java
450,src/java/org/apache/lucene/index/LogDocMergePolicy.java
451,src/java/org/apache/lucene/index/LogMergePolicy.java
452,src/java/org/apache/lucene/index/MergePolicy.java
453,src/java/org/apache/lucene/index/MergeScheduler.java
454,src/java/org/apache/lucene/index/MultiLevelSkipListReader.java
455,src/java/org/apache/lucene/index/MultiLevelSkipListWriter.java
456,src/java/org/apache/lucene/index/MultipleTermPositions.java
457,src/java/org/apache/lucene/index/MultiReader.java
458,src/java/org/apache/lucene/index/MultiSegmentReader.java
459,src/java/org/apache/lucene/index/ParallelReader.java
460,src/java/org/apache/lucene/index/Payload.java
461,src/java/org/apache/lucene/index/PositionBasedTermVectorMapper.java
462,src/java/org/apache/lucene/index/SegmentInfo.java
463,src/java/org/apache/lucene/index/SegmentInfos.java
464,src/java/org/apache/lucene/index/SegmentMergeInfo.java
465,src/java/org/apache/lucene/index/SegmentMergeQueue.java
466,src/java/org/apache/lucene/index/SegmentMerger.java
467,src/java/org/apache/lucene/index/SegmentReader.java
468,src/java/org/apache/lucene/index/SegmentTermDocs.java
469,src/java/org/apache/lucene/index/SegmentTermEnum.java
470,src/java/org/apache/lucene/index/SegmentTermPositions.java
471,src/java/org/apache/lucene/index/SegmentTermPositionVector.java
472,src/java/org/apache/lucene/index/SegmentTermVector.java
473,src/java/org/apache/lucene/index/SerialMergeScheduler.java
474,src/java/org/apache/lucene/index/SnapshotDeletionPolicy.java
475,src/java/org/apache/lucene/index/SortedTermVectorMapper.java
476,src/java/org/apache/lucene/index/StaleReaderException.java
477,src/java/org/apache/lucene/index/Term.java
478,src/java/org/apache/lucene/index/TermBuffer.java
479,src/java/org/apache/lucene/index/TermDocs.java
480,src/java/org/apache/lucene/index/TermEnum.java
481,src/java/org/apache/lucene/index/TermFreqVector.java
482,src/java/org/apache/lucene/index/TermInfo.java
483,src/java/org/apache/lucene/index/TermInfosReader.java
484,src/java/org/apache/lucene/index/TermInfosWriter.java
485,src/java/org/apache/lucene/index/TermPositions.java
486,src/java/org/apache/lucene/index/TermPositionVector.java
487,src/java/org/apache/lucene/index/TermVectorEntry.java
488,src/java/org/apache/lucene/index/TermVectorEntryFreqSortedComparator.java
489,src/java/org/apache/lucene/index/TermVectorMapper.java
490,src/java/org/apache/lucene/index/TermVectorOffsetInfo.java
491,src/java/org/apache/lucene/index/TermVectorsReader.java
492,src/java/org/apache/lucene/index/TermVectorsWriter.java
493,src/java/org/apache/lucene/LucenePackage.java
494,src/java/org/apache/lucene/queryParser/CharStream.java
495,src/java/org/apache/lucene/queryParser/FastCharStream.java
496,src/java/org/apache/lucene/queryParser/MultiFieldQueryParser.java
497,src/java/org/apache/lucene/queryParser/ParseException.java
498,src/java/org/apache/lucene/queryParser/QueryParser.java
499,src/java/org/apache/lucene/queryParser/QueryParserConstants.java
500,src/java/org/apache/lucene/queryParser/QueryParserTokenManager.java
501,src/java/org/apache/lucene/queryParser/Token.java
502,src/java/org/apache/lucene/queryParser/TokenMgrError.java
503,src/java/org/apache/lucene/search/BooleanClause.java
504,src/java/org/apache/lucene/search/BooleanQuery.java
505,src/java/org/apache/lucene/search/BooleanScorer.java
506,src/java/org/apache/lucene/search/BooleanScorer2.java
507,src/java/org/apache/lucene/search/CachingSpanFilter.java
508,src/java/org/apache/lucene/search/CachingWrapperFilter.java
509,src/java/org/apache/lucene/search/ComplexExplanation.java
510,src/java/org/apache/lucene/search/ConjunctionScorer.java
511,src/java/org/apache/lucene/search/ConstantScoreQuery.java
512,src/java/org/apache/lucene/search/ConstantScoreRangeQuery.java
513,src/java/org/apache/lucene/search/DefaultSimilarity.java
514,src/java/org/apache/lucene/search/DisjunctionMaxQuery.java
515,src/java/org/apache/lucene/search/DisjunctionMaxScorer.java
516,src/java/org/apache/lucene/search/DisjunctionSumScorer.java
517,src/java/org/apache/lucene/search/ExactPhraseScorer.java
518,src/java/org/apache/lucene/search/Explanation.java
519,src/java/org/apache/lucene/search/ExtendedFieldCache.java
520,src/java/org/apache/lucene/search/ExtendedFieldCacheImpl.java
521,src/java/org/apache/lucene/search/FieldCache.java
522,src/java/org/apache/lucene/search/FieldCacheImpl.java
523,src/java/org/apache/lucene/search/FieldDoc.java
524,src/java/org/apache/lucene/search/FieldDocSortedHitQueue.java
525,src/java/org/apache/lucene/search/FieldSortedHitQueue.java
526,src/java/org/apache/lucene/search/Filter.java
527,src/java/org/apache/lucene/search/FilteredQuery.java
528,src/java/org/apache/lucene/search/FilteredTermEnum.java
529,src/java/org/apache/lucene/search/FilterManager.java
530,src/java/org/apache/lucene/search/function/ByteFieldSource.java
531,src/java/org/apache/lucene/search/function/CustomScoreQuery.java
532,src/java/org/apache/lucene/search/function/DocValues.java
533,src/java/org/apache/lucene/search/function/FieldCacheSource.java
534,src/java/org/apache/lucene/search/function/FieldScoreQuery.java
535,src/java/org/apache/lucene/search/function/FloatFieldSource.java
536,src/java/org/apache/lucene/search/function/IntFieldSource.java
537,src/java/org/apache/lucene/search/function/OrdFieldSource.java
538,src/java/org/apache/lucene/search/function/ReverseOrdFieldSource.java
539,src/java/org/apache/lucene/search/function/ShortFieldSource.java
540,src/java/org/apache/lucene/search/function/ValueSource.java
541,src/java/org/apache/lucene/search/function/ValueSourceQuery.java
542,src/java/org/apache/lucene/search/FuzzyQuery.java
543,src/java/org/apache/lucene/search/FuzzyTermEnum.java
544,src/java/org/apache/lucene/search/Hit.java
545,src/java/org/apache/lucene/search/HitCollector.java
546,src/java/org/apache/lucene/search/HitIterator.java
547,src/java/org/apache/lucene/search/HitQueue.java
548,src/java/org/apache/lucene/search/Hits.java
549,src/java/org/apache/lucene/search/IndexSearcher.java
550,src/java/org/apache/lucene/search/MatchAllDocsQuery.java
551,src/java/org/apache/lucene/search/MultiPhraseQuery.java
552,src/java/org/apache/lucene/search/MultiSearcher.java
553,src/java/org/apache/lucene/search/MultiTermQuery.java
554,src/java/org/apache/lucene/search/NonMatchingScorer.java
555,src/java/org/apache/lucene/search/ParallelMultiSearcher.java
556,src/java/org/apache/lucene/search/payloads/BoostingTermQuery.java
557,src/java/org/apache/lucene/search/PhrasePositions.java
558,src/java/org/apache/lucene/search/PhraseQuery.java
559,src/java/org/apache/lucene/search/PhraseQueue.java
560,src/java/org/apache/lucene/search/PhraseScorer.java
561,src/java/org/apache/lucene/search/PrefixFilter.java
562,src/java/org/apache/lucene/search/PrefixQuery.java
563,src/java/org/apache/lucene/search/Query.java
564,src/java/org/apache/lucene/search/QueryFilter.java
565,src/java/org/apache/lucene/search/QueryTermVector.java
566,src/java/org/apache/lucene/search/QueryWrapperFilter.java
567,src/java/org/apache/lucene/search/RangeFilter.java
568,src/java/org/apache/lucene/search/RangeQuery.java
569,src/java/org/apache/lucene/search/RemoteCachingWrapperFilter.java
570,src/java/org/apache/lucene/search/RemoteSearchable.java
571,src/java/org/apache/lucene/search/ReqExclScorer.java
572,src/java/org/apache/lucene/search/ReqOptSumScorer.java
573,src/java/org/apache/lucene/search/ScoreDoc.java
574,src/java/org/apache/lucene/search/ScoreDocComparator.java
575,src/java/org/apache/lucene/search/Scorer.java
576,src/java/org/apache/lucene/search/Searchable.java
577,src/java/org/apache/lucene/search/Searcher.java
578,src/java/org/apache/lucene/search/Similarity.java
579,src/java/org/apache/lucene/search/SimilarityDelegator.java
580,src/java/org/apache/lucene/search/SloppyPhraseScorer.java
581,src/java/org/apache/lucene/search/Sort.java
582,src/java/org/apache/lucene/search/SortComparator.java
583,src/java/org/apache/lucene/search/SortComparatorSource.java
584,src/java/org/apache/lucene/search/SortField.java
585,src/java/org/apache/lucene/search/SpanFilter.java
586,src/java/org/apache/lucene/search/SpanFilterResult.java
587,src/java/org/apache/lucene/search/SpanQueryFilter.java
588,src/java/org/apache/lucene/search/spans/NearSpansOrdered.java
589,src/java/org/apache/lucene/search/spans/NearSpansUnordered.java
590,src/java/org/apache/lucene/search/spans/SpanFirstQuery.java
591,src/java/org/apache/lucene/search/spans/SpanNearQuery.java
592,src/java/org/apache/lucene/search/spans/SpanNotQuery.java
593,src/java/org/apache/lucene/search/spans/SpanOrQuery.java
594,src/java/org/apache/lucene/search/spans/SpanQuery.java
595,src/java/org/apache/lucene/search/spans/Spans.java
596,src/java/org/apache/lucene/search/spans/SpanScorer.java
597,src/java/org/apache/lucene/search/spans/SpanTermQuery.java
598,src/java/org/apache/lucene/search/spans/SpanWeight.java
599,src/java/org/apache/lucene/search/spans/TermSpans.java
600,src/java/org/apache/lucene/search/TermQuery.java
601,src/java/org/apache/lucene/search/TermScorer.java
602,src/java/org/apache/lucene/search/TopDocCollector.java
603,src/java/org/apache/lucene/search/TopDocs.java
604,src/java/org/apache/lucene/search/TopFieldDocCollector.java
605,src/java/org/apache/lucene/search/TopFieldDocs.java
606,src/java/org/apache/lucene/search/Weight.java
607,src/java/org/apache/lucene/search/WildcardQuery.java
608,src/java/org/apache/lucene/search/WildcardTermEnum.java
609,src/java/org/apache/lucene/store/AlreadyClosedException.java
610,src/java/org/apache/lucene/store/BufferedIndexInput.java
611,src/java/org/apache/lucene/store/BufferedIndexOutput.java
612,src/java/org/apache/lucene/store/Directory.java
613,src/java/org/apache/lucene/store/FSDirectory.java
614,src/java/org/apache/lucene/store/IndexInput.java
615,src/java/org/apache/lucene/store/IndexOutput.java
616,src/java/org/apache/lucene/store/Lock.java
617,src/java/org/apache/lucene/store/LockFactory.java
618,src/java/org/apache/lucene/store/LockObtainFailedException.java
619,src/java/org/apache/lucene/store/LockReleaseFailedException.java
620,src/java/org/apache/lucene/store/LockStressTest.java
621,src/java/org/apache/lucene/store/LockVerifyServer.java
622,src/java/org/apache/lucene/store/MMapDirectory.java
623,src/java/org/apache/lucene/store/NativeFSLockFactory.java
624,src/java/org/apache/lucene/store/NoLockFactory.java
625,src/java/org/apache/lucene/store/RAMDirectory.java
626,src/java/org/apache/lucene/store/RAMFile.java
627,src/java/org/apache/lucene/store/RAMInputStream.java
628,src/java/org/apache/lucene/store/RAMOutputStream.java
629,src/java/org/apache/lucene/store/SimpleFSLockFactory.java
630,src/java/org/apache/lucene/store/SingleInstanceLockFactory.java
631,src/java/org/apache/lucene/store/VerifyingLockFactory.java
632,src/java/org/apache/lucene/util/BitVector.java
633,src/java/org/apache/lucene/util/Constants.java
634,src/java/org/apache/lucene/util/Parameter.java
635,src/java/org/apache/lucene/util/PriorityQueue.java
636,src/java/org/apache/lucene/util/ScorerDocQueue.java
637,src/java/org/apache/lucene/util/SmallFloat.java
638,src/java/org/apache/lucene/util/StringHelper.java
639,src/java/org/apache/lucene/util/ToStringUtils.java
640,src/test/org/apache/lucene/analysis/TeeSinkTokenTest.java
641,src/test/org/apache/lucene/analysis/TestAnalyzers.java
642,src/test/org/apache/lucene/analysis/TestCachingTokenFilter.java
643,src/test/org/apache/lucene/analysis/TestCharArraySet.java
644,src/test/org/apache/lucene/analysis/TestISOLatin1AccentFilter.java
645,src/test/org/apache/lucene/analysis/TestKeywordAnalyzer.java
646,src/test/org/apache/lucene/analysis/TestLengthFilter.java
647,src/test/org/apache/lucene/analysis/TestPerFieldAnalzyerWrapper.java
648,src/test/org/apache/lucene/analysis/TestStandardAnalyzer.java
649,src/test/org/apache/lucene/analysis/TestStopAnalyzer.java
650,src/test/org/apache/lucene/analysis/TestStopFilter.java
651,src/test/org/apache/lucene/analysis/TestToken.java
652,src/test/org/apache/lucene/AnalysisTest.java
653,src/test/org/apache/lucene/document/TestBinaryDocument.java
654,src/test/org/apache/lucene/document/TestDateTools.java
655,src/test/org/apache/lucene/document/TestDocument.java
656,src/test/org/apache/lucene/document/TestNumberTools.java
657,src/test/org/apache/lucene/index/DocHelper.java
658,src/test/org/apache/lucene/index/MockIndexInput.java
659,src/test/org/apache/lucene/index/store/TestRAMDirectory.java
660,src/test/org/apache/lucene/index/TestAddIndexesNoOptimize.java
661,src/test/org/apache/lucene/index/TestAtomicUpdate.java
662,src/test/org/apache/lucene/index/TestBackwardsCompatibility.java
663,src/test/org/apache/lucene/index/TestCheckIndex.java
664,src/test/org/apache/lucene/index/TestCompoundFile.java
665,src/test/org/apache/lucene/index/TestConcurrentMergeScheduler.java
666,src/test/org/apache/lucene/index/TestDeletionPolicy.java
667,src/test/org/apache/lucene/index/TestDoc.java
668,src/test/org/apache/lucene/index/TestDocumentWriter.java
669,src/test/org/apache/lucene/index/TestFieldInfos.java
670,src/test/org/apache/lucene/index/TestFieldsReader.java
671,src/test/org/apache/lucene/index/TestFilterIndexReader.java
672,src/test/org/apache/lucene/index/TestIndexFileDeleter.java
673,src/test/org/apache/lucene/index/TestIndexInput.java
674,src/test/org/apache/lucene/index/TestIndexModifier.java
675,src/test/org/apache/lucene/index/TestIndexReader.java
676,src/test/org/apache/lucene/index/TestIndexReaderReopen.java
677,src/test/org/apache/lucene/index/TestIndexWriter.java
678,src/test/org/apache/lucene/index/TestIndexWriterDelete.java
679,src/test/org/apache/lucene/index/TestIndexWriterLockRelease.java
680,src/test/org/apache/lucene/index/TestIndexWriterMergePolicy.java
681,src/test/org/apache/lucene/index/TestIndexWriterMerging.java
682,src/test/org/apache/lucene/index/TestLazyBug.java
683,src/test/org/apache/lucene/index/TestLazyProxSkipping.java
684,src/test/org/apache/lucene/index/TestMultiLevelSkipList.java
685,src/test/org/apache/lucene/index/TestMultiReader.java
686,src/test/org/apache/lucene/index/TestMultiSegmentReader.java
687,src/test/org/apache/lucene/index/TestNorms.java
688,src/test/org/apache/lucene/index/TestParallelReader.java
689,src/test/org/apache/lucene/index/TestParallelTermEnum.java
690,src/test/org/apache/lucene/index/TestPayloads.java
691,src/test/org/apache/lucene/index/TestPositionBasedTermVectorMapper.java
692,src/test/org/apache/lucene/index/TestSegmentMerger.java
693,src/test/org/apache/lucene/index/TestSegmentReader.java
694,src/test/org/apache/lucene/index/TestSegmentTermDocs.java
695,src/test/org/apache/lucene/index/TestSegmentTermEnum.java
696,src/test/org/apache/lucene/index/TestStressIndexing.java
697,src/test/org/apache/lucene/index/TestTerm.java
698,src/test/org/apache/lucene/index/TestTermdocPerf.java
699,src/test/org/apache/lucene/index/TestTermVectorsReader.java
700,src/test/org/apache/lucene/index/TestThreadedOptimize.java
701,src/test/org/apache/lucene/index/TestWordlistLoader.java
702,src/test/org/apache/lucene/IndexTest.java
703,src/test/org/apache/lucene/queryParser/TestMultiAnalyzer.java
704,src/test/org/apache/lucene/queryParser/TestMultiFieldQueryParser.java
705,src/test/org/apache/lucene/queryParser/TestQueryParser.java
706,src/test/org/apache/lucene/search/BaseTestRangeFilter.java
707,src/test/org/apache/lucene/search/CachingWrapperFilterHelper.java
708,src/test/org/apache/lucene/search/CheckHits.java
709,src/test/org/apache/lucene/search/function/FunctionTestSetup.java
710,src/test/org/apache/lucene/search/function/TestCustomScoreQuery.java
711,src/test/org/apache/lucene/search/function/TestFieldScoreQuery.java
712,src/test/org/apache/lucene/search/function/TestOrdValues.java
713,src/test/org/apache/lucene/search/MockFilter.java
714,src/test/org/apache/lucene/search/payloads/TestBoostingTermQuery.java
715,src/test/org/apache/lucene/search/QueryUtils.java
716,src/test/org/apache/lucene/search/RemoteCachingWrapperFilterHelper.java
717,src/test/org/apache/lucene/search/SampleComparable.java
718,src/test/org/apache/lucene/search/SingleDocTestFilter.java
719,src/test/org/apache/lucene/search/spans/TestBasics.java
720,src/test/org/apache/lucene/search/spans/TestNearSpansOrdered.java
721,src/test/org/apache/lucene/search/spans/TestSpanExplanations.java
722,src/test/org/apache/lucene/search/spans/TestSpanExplanationsOfNonMatches.java
723,src/test/org/apache/lucene/search/spans/TestSpans.java
724,src/test/org/apache/lucene/search/spans/TestSpansAdvanced.java
725,src/test/org/apache/lucene/search/spans/TestSpansAdvanced2.java
726,src/test/org/apache/lucene/search/TestBoolean2.java
727,src/test/org/apache/lucene/search/TestBooleanMinShouldMatch.java
728,src/test/org/apache/lucene/search/TestBooleanOr.java
729,src/test/org/apache/lucene/search/TestBooleanPrefixQuery.java
730,src/test/org/apache/lucene/search/TestBooleanQuery.java
731,src/test/org/apache/lucene/search/TestBooleanScorer.java
732,src/test/org/apache/lucene/search/TestCachingWrapperFilter.java
733,src/test/org/apache/lucene/search/TestComplexExplanations.java
734,src/test/org/apache/lucene/search/TestComplexExplanationsOfNonMatches.java
735,src/test/org/apache/lucene/search/TestConstantScoreRangeQuery.java
736,src/test/org/apache/lucene/search/TestCustomSearcherSort.java
737,src/test/org/apache/lucene/search/TestDateFilter.java
738,src/test/org/apache/lucene/search/TestDateSort.java
739,src/test/org/apache/lucene/search/TestDisjunctionMaxQuery.java
740,src/test/org/apache/lucene/search/TestDocBoost.java
741,src/test/org/apache/lucene/search/TestExplanations.java
742,src/test/org/apache/lucene/search/TestExtendedFieldCache.java
743,src/test/org/apache/lucene/search/TestFilteredQuery.java
744,src/test/org/apache/lucene/search/TestFuzzyQuery.java
745,src/test/org/apache/lucene/search/TestMatchAllDocsQuery.java
746,src/test/org/apache/lucene/search/TestMultiPhraseQuery.java
747,src/test/org/apache/lucene/search/TestMultiSearcher.java
748,src/test/org/apache/lucene/search/TestMultiSearcherRanking.java
749,src/test/org/apache/lucene/search/TestMultiThreadTermVectors.java
750,src/test/org/apache/lucene/search/TestNot.java
751,src/test/org/apache/lucene/search/TestParallelMultiSearcher.java
752,src/test/org/apache/lucene/search/TestPhrasePrefixQuery.java
753,src/test/org/apache/lucene/search/TestPhraseQuery.java
754,src/test/org/apache/lucene/search/TestPositionIncrement.java
755,src/test/org/apache/lucene/search/TestPrefixFilter.java
756,src/test/org/apache/lucene/search/TestPrefixQuery.java
757,src/test/org/apache/lucene/search/TestQueryTermVector.java
758,src/test/org/apache/lucene/search/TestRangeFilter.java
759,src/test/org/apache/lucene/search/TestRangeQuery.java
760,src/test/org/apache/lucene/search/TestRemoteCachingWrapperFilter.java
761,src/test/org/apache/lucene/search/TestRemoteSearchable.java
762,src/test/org/apache/lucene/search/TestScorerPerf.java
763,src/test/org/apache/lucene/search/TestSearchHitsWithDeletions.java
764,src/test/org/apache/lucene/search/TestSetNorm.java
765,src/test/org/apache/lucene/search/TestSimilarity.java
766,src/test/org/apache/lucene/search/TestSimpleExplanations.java
767,src/test/org/apache/lucene/search/TestSort.java
768,src/test/org/apache/lucene/search/TestSpanQueryFilter.java
769,src/test/org/apache/lucene/search/TestTermScorer.java
770,src/test/org/apache/lucene/search/TestTermVectors.java
771,src/test/org/apache/lucene/search/TestThreadSafe.java
772,src/test/org/apache/lucene/search/TestWildcard.java
773,src/test/org/apache/lucene/SearchTest.java
774,src/test/org/apache/lucene/SearchTestForDuplicates.java
775,src/test/org/apache/lucene/store/_TestHelper.java
776,src/test/org/apache/lucene/store/MockRAMDirectory.java
777,src/test/org/apache/lucene/store/MockRAMInputStream.java
778,src/test/org/apache/lucene/store/MockRAMOutputStream.java
779,src/test/org/apache/lucene/store/TestBufferedIndexInput.java
780,src/test/org/apache/lucene/store/TestHugeRamFile.java
781,src/test/org/apache/lucene/store/TestLock.java
782,src/test/org/apache/lucene/store/TestLockFactory.java
783,src/test/org/apache/lucene/store/TestMMapDirectory.java
784,src/test/org/apache/lucene/store/TestWindowsMMap.java
785,src/test/org/apache/lucene/StoreTest.java
786,src/test/org/apache/lucene/TestDemo.java
787,src/test/org/apache/lucene/TestHitIterator.java
788,src/test/org/apache/lucene/TestSearch.java
789,src/test/org/apache/lucene/TestSearchForDuplicates.java
790,src/test/org/apache/lucene/TestSnapshotDeletionPolicy.java
791,src/test/org/apache/lucene/ThreadSafetyTest.java
792,src/test/org/apache/lucene/util/_TestUtil.java
793,src/test/org/apache/lucene/util/English.java
794,src/test/org/apache/lucene/util/LuceneTestCase.java
795,src/test/org/apache/lucene/util/TestBitVector.java
796,src/test/org/apache/lucene/util/TestPriorityQueue.java
797,src/test/org/apache/lucene/util/TestSmallFloat.java
798,src/test/org/apache/lucene/util/TestStringHelper.java
799,src/java/org/apache/lucene/analysis/ar/ArabicAnalyzer.java
800,src/java/org/apache/lucene/analysis/ar/ArabicLetterTokenizer.java
801,src/java/org/apache/lucene/analysis/ar/ArabicNormalizationFilter.java
802,src/java/org/apache/lucene/analysis/ar/ArabicNormalizer.java
803,src/java/org/apache/lucene/analysis/ar/ArabicStemFilter.java
804,src/java/org/apache/lucene/analysis/ar/ArabicStemmer.java
805,src/java/org/apache/lucene/analysis/compound/CompoundWordTokenFilterBase.java
806,src/java/org/apache/lucene/analysis/compound/DictionaryCompoundWordTokenFilter.java
807,src/java/org/apache/lucene/analysis/compound/hyphenation/ByteVector.java
808,src/java/org/apache/lucene/analysis/compound/hyphenation/CharVector.java
809,src/java/org/apache/lucene/analysis/compound/hyphenation/Hyphenation.java
810,src/java/org/apache/lucene/analysis/compound/hyphenation/HyphenationException.java
811,src/java/org/apache/lucene/analysis/compound/hyphenation/HyphenationTree.java
812,src/java/org/apache/lucene/analysis/compound/hyphenation/PatternConsumer.java
813,src/java/org/apache/lucene/analysis/compound/hyphenation/PatternParser.java
814,src/java/org/apache/lucene/analysis/compound/hyphenation/TernaryTree.java
815,src/java/org/apache/lucene/analysis/compound/HyphenationCompoundWordTokenFilter.java
816,src/java/org/apache/lucene/analysis/fa/PersianAnalyzer.java
817,src/java/org/apache/lucene/analysis/fa/PersianNormalizer.java
818,src/java/org/apache/lucene/analysis/miscellaneous/EmptyTokenStream.java
819,src/java/org/apache/lucene/analysis/miscellaneous/PrefixAndSuffixAwareTokenFilter.java
820,src/java/org/apache/lucene/analysis/miscellaneous/PrefixAwareTokenFilter.java
821,src/java/org/apache/lucene/analysis/miscellaneous/SingleTokenTokenStream.java
822,src/java/org/apache/lucene/analysis/payloads/AbstractEncoder.java
823,src/java/org/apache/lucene/analysis/payloads/DelimitedPayloadTokenFilter.java
824,src/java/org/apache/lucene/analysis/payloads/FloatEncoder.java
825,src/java/org/apache/lucene/analysis/payloads/PayloadEncoder.java
826,src/java/org/apache/lucene/analysis/position/PositionFilter.java
827,src/java/org/apache/lucene/analysis/query/QueryAutoStopWordAnalyzer.java
828,src/java/org/apache/lucene/analysis/reverse/ReverseStringFilter.java
829,src/java/org/apache/lucene/analysis/shingle/ShingleAnalyzerWrapper.java
830,src/java/org/apache/lucene/analysis/shingle/ShingleFilter.java
831,src/java/org/apache/lucene/analysis/shingle/ShingleMatrixFilter.java
832,src/java/org/apache/lucene/analysis/sinks/DateRecognizerSinkFilter.java
833,src/java/org/apache/lucene/analysis/sinks/TokenTypeSinkFilter.java
834,src/test/org/apache/lucene/analysis/ar/TestArabicAnalyzer.java
835,src/test/org/apache/lucene/analysis/ar/TestArabicNormalizationFilter.java
836,src/test/org/apache/lucene/analysis/ar/TestArabicStemFilter.java
837,src/test/org/apache/lucene/analysis/br/TestBrazilianStemmer.java
838,src/test/org/apache/lucene/analysis/cjk/TestCJKTokenizer.java
839,src/test/org/apache/lucene/analysis/compound/TestCompoundWordTokenFilter.java
840,src/test/org/apache/lucene/analysis/cz/TestCzechAnalyzer.java
841,src/test/org/apache/lucene/analysis/fa/TestPersianAnalyzer.java
842,src/test/org/apache/lucene/analysis/fa/TestPersianNormalizationFilter.java
843,src/test/org/apache/lucene/analysis/miscellaneous/TestEmptyTokenStream.java
844,src/test/org/apache/lucene/analysis/miscellaneous/TestPrefixAndSuffixAwareTokenFilter.java
845,src/test/org/apache/lucene/analysis/miscellaneous/TestPrefixAwareTokenFilter.java
846,src/test/org/apache/lucene/analysis/miscellaneous/TestSingleTokenTokenFilter.java
847,src/test/org/apache/lucene/analysis/nl/TestDutchStemmer.java
848,src/test/org/apache/lucene/analysis/payloads/DelimitedPayloadTokenFilterTest.java
849,src/test/org/apache/lucene/analysis/position/PositionFilterTest.java
850,src/test/org/apache/lucene/analysis/query/QueryAutoStopWordAnalyzerTest.java
851,src/test/org/apache/lucene/analysis/reverse/TestReverseStringFilter.java
852,src/test/org/apache/lucene/analysis/shingle/ShingleAnalyzerWrapperTest.java
853,src/test/org/apache/lucene/analysis/shingle/ShingleFilterTest.java
854,src/test/org/apache/lucene/analysis/shingle/TestShingleMatrixFilter.java
855,src/java/org/apache/lucene/analysis/cn/smart/AnalyzerProfile.java
856,src/java/org/apache/lucene/analysis/cn/smart/CharType.java
857,src/java/org/apache/lucene/analysis/cn/smart/hhmm/AbstractDictionary.java
858,src/java/org/apache/lucene/analysis/cn/smart/hhmm/BigramDictionary.java
859,src/java/org/apache/lucene/analysis/cn/smart/hhmm/BiSegGraph.java
860,src/java/org/apache/lucene/analysis/cn/smart/hhmm/HHMMSegmenter.java
861,src/java/org/apache/lucene/analysis/cn/smart/hhmm/PathNode.java
862,src/java/org/apache/lucene/analysis/cn/smart/hhmm/SegGraph.java
863,src/java/org/apache/lucene/analysis/cn/smart/hhmm/SegToken.java
864,src/java/org/apache/lucene/analysis/cn/smart/hhmm/SegTokenFilter.java
865,src/java/org/apache/lucene/analysis/cn/smart/hhmm/SegTokenPair.java
866,src/java/org/apache/lucene/analysis/cn/smart/hhmm/WordDictionary.java
867,src/java/org/apache/lucene/analysis/cn/smart/SentenceTokenizer.java
868,src/java/org/apache/lucene/analysis/cn/smart/SmartChineseAnalyzer.java
869,src/java/org/apache/lucene/analysis/cn/smart/Utility.java
870,src/java/org/apache/lucene/analysis/cn/smart/WordSegmenter.java
871,src/java/org/apache/lucene/analysis/cn/smart/WordTokenFilter.java
872,src/test/org/apache/lucene/analysis/cn/smart/TestSmartChineseAnalyzer.java
873,src/java/org/apache/lucene/benchmark/byTask/feeds/ContentSource.java
874,src/java/org/apache/lucene/benchmark/byTask/feeds/DirContentSource.java
875,src/java/org/apache/lucene/benchmark/byTask/feeds/EnwikiContentSource.java
876,src/java/org/apache/lucene/benchmark/byTask/feeds/EnwikiQueryMaker.java
877,src/java/org/apache/lucene/benchmark/byTask/feeds/LineDocSource.java
878,src/java/org/apache/lucene/benchmark/byTask/feeds/ReutersContentSource.java
879,src/java/org/apache/lucene/benchmark/byTask/feeds/SingleDocSource.java
880,src/java/org/apache/lucene/benchmark/byTask/feeds/TrecContentSource.java
881,src/java/org/apache/lucene/benchmark/byTask/tasks/BenchmarkHighlighter.java
882,src/java/org/apache/lucene/benchmark/byTask/tasks/CommitIndexTask.java
883,src/java/org/apache/lucene/benchmark/byTask/tasks/ConsumeContentSourceTask.java
884,src/java/org/apache/lucene/benchmark/byTask/tasks/DeleteByPercentTask.java
885,src/java/org/apache/lucene/benchmark/byTask/tasks/NearRealtimeReaderTask.java
886,src/java/org/apache/lucene/benchmark/byTask/tasks/PrintReaderTask.java
887,src/java/org/apache/lucene/benchmark/byTask/tasks/SearchTravRetHighlightTask.java
888,src/java/org/apache/lucene/benchmark/byTask/tasks/SearchTravRetVectorHighlightTask.java
889,src/java/org/apache/lucene/benchmark/byTask/tasks/SearchWithSortTask.java
890,src/java/org/apache/lucene/benchmark/byTask/tasks/UpdateDocTask.java
891,src/java/org/apache/lucene/benchmark/byTask/utils/StringBufferReader.java
892,src/java/org/apache/lucene/benchmark/utils/NoDeletionPolicy.java
893,src/test/org/apache/lucene/benchmark/BenchmarkTestCase.java
894,src/test/org/apache/lucene/benchmark/byTask/feeds/LineDocSourceTest.java
895,src/test/org/apache/lucene/benchmark/byTask/feeds/TrecContentSourceTest.java
896,src/test/org/apache/lucene/benchmark/byTask/tasks/CountingHighlighterTestTask.java
897,src/test/org/apache/lucene/benchmark/byTask/tasks/WriteLineDocTaskTest.java
898,src/java/org/apache/lucene/collation/CollationKeyAnalyzer.java
899,src/java/org/apache/lucene/collation/ICUCollationKeyAnalyzer.java
900,src/java/org/apache/lucene/collation/ICUCollationKeyFilter.java
901,src/test/org/apache/lucene/collation/CollationTestBase.java
902,src/test/org/apache/lucene/collation/TestCollationKeyFilter.java
903,src/test/org/apache/lucene/collation/TestICUCollationKeyFilter.java
904,src/java/org/apache/lucene/search/vectorhighlight/BaseFragmentsBuilder.java
905,src/java/org/apache/lucene/search/vectorhighlight/FastVectorHighlighter.java
906,src/java/org/apache/lucene/search/vectorhighlight/FieldFragList.java
907,src/java/org/apache/lucene/search/vectorhighlight/FieldPhraseList.java
908,src/java/org/apache/lucene/search/vectorhighlight/FieldQuery.java
909,src/java/org/apache/lucene/search/vectorhighlight/FieldTermStack.java
910,src/java/org/apache/lucene/search/vectorhighlight/FragListBuilder.java
911,src/java/org/apache/lucene/search/vectorhighlight/ScoreOrderFragmentsBuilder.java
912,src/java/org/apache/lucene/search/vectorhighlight/SimpleFragListBuilder.java
913,src/java/org/apache/lucene/search/vectorhighlight/SimpleFragmentsBuilder.java
914,src/test/org/apache/lucene/search/vectorhighlight/AbstractTestCase.java
915,src/test/org/apache/lucene/search/vectorhighlight/FieldPhraseListTest.java
916,src/test/org/apache/lucene/search/vectorhighlight/FieldQueryTest.java
917,src/test/org/apache/lucene/search/vectorhighlight/FieldTermStackTest.java
918,src/test/org/apache/lucene/search/vectorhighlight/IndexTimeSynonymTest.java
919,src/test/org/apache/lucene/search/vectorhighlight/SimpleFragListBuilderTest.java
920,src/test/org/apache/lucene/search/vectorhighlight/SimpleFragmentsBuilderTest.java
921,src/java/org/apache/lucene/search/highlight/InvalidTokenOffsetsException.java
922,src/java/org/apache/lucene/search/highlight/QueryTermScorer.java
923,src/java/org/apache/lucene/search/highlight/SimpleSpanFragmenter.java
924,src/java/org/apache/lucene/search/highlight/WeightedSpanTerm.java
925,src/java/org/apache/lucene/search/highlight/WeightedSpanTermExtractor.java
926,src/java/org/apache/lucene/store/instantiated/FieldSettings.java
927,src/java/org/apache/lucene/store/instantiated/InstantiatedIndex.java
928,src/java/org/apache/lucene/store/instantiated/InstantiatedIndexReader.java
929,src/java/org/apache/lucene/store/instantiated/InstantiatedIndexWriter.java
930,src/java/org/apache/lucene/store/instantiated/InstantiatedTerm.java
931,src/java/org/apache/lucene/store/instantiated/InstantiatedTermDocumentInformation.java
932,src/java/org/apache/lucene/store/instantiated/InstantiatedTermEnum.java
933,src/java/org/apache/lucene/store/instantiated/InstantiatedTermFreqVector.java
934,src/java/org/apache/lucene/store/instantiated/InstantiatedTermPositions.java
935,src/test/org/apache/lucene/store/instantiated/TestEmptyIndex.java
936,src/test/org/apache/lucene/store/instantiated/TestIndicesEquals.java
937,src/test/org/apache/lucene/index/memory/TestSynonymTokenFilter.java
938,src/java/org/apache/lucene/index/TermVectorAccessor.java
939,src/java/org/apache/lucene/queryParser/complexPhrase/ComplexPhraseQueryParser.java
940,src/test/org/apache/lucene/index/TestTermVectorAccessor.java
941,src/test/org/apache/lucene/queryParser/complexPhrase/TestComplexPhraseQuery.java
942,src/test/org/apache/lucene/search/BoostingQueryTest.java
943,src/test/org/apache/lucene/search/FuzzyLikeThisQueryTest.java
944,src/java/org/apache/lucene/queryParser/core/builders/QueryTreeBuilder.java
945,src/java/org/apache/lucene/queryParser/core/config/FieldConfigListener.java
946,src/java/org/apache/lucene/queryParser/core/config/QueryConfigHandler.java
947,src/java/org/apache/lucene/queryParser/core/messages/QueryParserMessages.java
948,src/java/org/apache/lucene/queryParser/core/nodes/AnyQueryNode.java
949,src/java/org/apache/lucene/queryParser/core/nodes/BoostQueryNode.java
950,src/java/org/apache/lucene/queryParser/core/nodes/DeletedQueryNode.java
951,src/java/org/apache/lucene/queryParser/core/nodes/FieldableNode.java
952,src/java/org/apache/lucene/queryParser/core/nodes/FieldQueryNode.java
953,src/java/org/apache/lucene/queryParser/core/nodes/GroupQueryNode.java
954,src/java/org/apache/lucene/queryParser/core/nodes/MatchNoDocsQueryNode.java
955,src/java/org/apache/lucene/queryParser/core/nodes/ModifierQueryNode.java
956,src/java/org/apache/lucene/queryParser/core/nodes/ParametricQueryNode.java
957,src/java/org/apache/lucene/queryParser/core/nodes/PathQueryNode.java
958,src/java/org/apache/lucene/queryParser/core/nodes/PhraseSlopQueryNode.java
959,src/java/org/apache/lucene/queryParser/core/nodes/ProximityQueryNode.java
960,src/java/org/apache/lucene/queryParser/core/nodes/QueryNode.java
961,src/java/org/apache/lucene/queryParser/core/nodes/QueryNodeImpl.java
962,src/java/org/apache/lucene/queryParser/core/nodes/SlopQueryNode.java
963,src/java/org/apache/lucene/queryParser/core/nodes/TokenizedPhraseQueryNode.java
964,src/java/org/apache/lucene/queryParser/core/parser/EscapeQuerySyntax.java
965,src/java/org/apache/lucene/queryParser/core/processors/NoChildOptimizationQueryNodeProcessor.java
966,src/java/org/apache/lucene/queryParser/core/processors/QueryNodeProcessorImpl.java
967,src/java/org/apache/lucene/queryParser/core/processors/QueryNodeProcessorPipeline.java
968,src/java/org/apache/lucene/queryParser/core/processors/RemoveDeletedQueryNodesProcessor.java
969,src/java/org/apache/lucene/queryParser/core/QueryNodeError.java
970,src/java/org/apache/lucene/queryParser/core/QueryNodeException.java
971,src/java/org/apache/lucene/queryParser/core/QueryNodeParseException.java
972,src/java/org/apache/lucene/queryParser/core/QueryParserHelper.java
973,src/java/org/apache/lucene/queryParser/core/util/QueryNodeOperation.java
974,src/java/org/apache/lucene/queryParser/core/util/UnescapedCharSequence.java
975,src/java/org/apache/lucene/queryParser/standard/builders/AnyQueryNodeBuilder.java
976,src/java/org/apache/lucene/queryParser/standard/builders/BooleanQueryNodeBuilder.java
977,src/java/org/apache/lucene/queryParser/standard/builders/BoostQueryNodeBuilder.java
978,src/java/org/apache/lucene/queryParser/standard/builders/FieldQueryNodeBuilder.java
979,src/java/org/apache/lucene/queryParser/standard/builders/FuzzyQueryNodeBuilder.java
980,src/java/org/apache/lucene/queryParser/standard/builders/GroupQueryNodeBuilder.java
981,src/java/org/apache/lucene/queryParser/standard/builders/MatchAllDocsQueryNodeBuilder.java
982,src/java/org/apache/lucene/queryParser/standard/builders/MultiPhraseQueryNodeBuilder.java
983,src/java/org/apache/lucene/queryParser/standard/builders/PrefixWildcardQueryNodeBuilder.java
984,src/java/org/apache/lucene/queryParser/standard/builders/RangeQueryNodeBuilder.java
985,src/java/org/apache/lucene/queryParser/standard/builders/StandardBooleanQueryNodeBuilder.java
986,src/java/org/apache/lucene/queryParser/standard/builders/StandardQueryBuilder.java
987,src/java/org/apache/lucene/queryParser/standard/builders/StandardQueryTreeBuilder.java
988,src/java/org/apache/lucene/queryParser/standard/builders/WildcardQueryNodeBuilder.java
989,src/java/org/apache/lucene/queryParser/standard/config/AllowLeadingWildcardAttribute.java
990,src/java/org/apache/lucene/queryParser/standard/config/AllowLeadingWildcardAttributeImpl.java
991,src/java/org/apache/lucene/queryParser/standard/config/AnalyzerAttribute.java
992,src/java/org/apache/lucene/queryParser/standard/config/AnalyzerAttributeImpl.java
993,src/java/org/apache/lucene/queryParser/standard/config/BoostAttribute.java
994,src/java/org/apache/lucene/queryParser/standard/config/BoostAttributeImpl.java
995,src/java/org/apache/lucene/queryParser/standard/config/DateResolutionAttribute.java
996,src/java/org/apache/lucene/queryParser/standard/config/DateResolutionAttributeImpl.java
997,src/java/org/apache/lucene/queryParser/standard/config/DefaultOperatorAttribute.java
998,src/java/org/apache/lucene/queryParser/standard/config/DefaultOperatorAttributeImpl.java
999,src/java/org/apache/lucene/queryParser/standard/config/DefaultPhraseSlopAttribute.java
1000,src/java/org/apache/lucene/queryParser/standard/config/DefaultPhraseSlopAttributeImpl.java
1001,src/java/org/apache/lucene/queryParser/standard/config/FieldBoostMapAttribute.java
1002,src/java/org/apache/lucene/queryParser/standard/config/FieldBoostMapAttributeImpl.java
1003,src/java/org/apache/lucene/queryParser/standard/config/FieldBoostMapFCListener.java
1004,src/java/org/apache/lucene/queryParser/standard/config/FieldDateResolutionFCListener.java
1005,src/java/org/apache/lucene/queryParser/standard/config/FieldDateResolutionMapAttributeImpl.java
1006,src/java/org/apache/lucene/queryParser/standard/config/FuzzyAttribute.java
1007,src/java/org/apache/lucene/queryParser/standard/config/FuzzyAttributeImpl.java
1008,src/java/org/apache/lucene/queryParser/standard/config/LocaleAttribute.java
1009,src/java/org/apache/lucene/queryParser/standard/config/LocaleAttributeImpl.java
1010,src/java/org/apache/lucene/queryParser/standard/config/LowercaseExpandedTermsAttributeImpl.java
1011,src/java/org/apache/lucene/queryParser/standard/config/MultiFieldAttribute.java
1012,src/java/org/apache/lucene/queryParser/standard/config/MultiFieldAttributeImpl.java
1013,src/java/org/apache/lucene/queryParser/standard/config/MultiTermRewriteMethodAttributeImpl.java
1014,src/java/org/apache/lucene/queryParser/standard/config/PositionIncrementsAttribute.java
1015,src/java/org/apache/lucene/queryParser/standard/config/PositionIncrementsAttributeImpl.java
1016,src/java/org/apache/lucene/queryParser/standard/config/RangeCollatorAttributeImpl.java
1017,src/java/org/apache/lucene/queryParser/standard/config/StandardQueryConfigHandler.java
1018,src/java/org/apache/lucene/queryParser/standard/MultiFieldQueryParserWrapper.java
1019,src/java/org/apache/lucene/queryParser/standard/nodes/MultiPhraseQueryNode.java
1020,src/java/org/apache/lucene/queryParser/standard/nodes/PrefixWildcardQueryNode.java
1021,src/java/org/apache/lucene/queryParser/standard/nodes/StandardBooleanQueryNode.java
1022,src/java/org/apache/lucene/queryParser/standard/parser/EscapeQuerySyntaxImpl.java
1023,src/java/org/apache/lucene/queryParser/standard/parser/JavaCharStream.java
1024,src/java/org/apache/lucene/queryParser/standard/parser/ParseException.java
1025,src/java/org/apache/lucene/queryParser/standard/parser/StandardSyntaxParser.java
1026,src/java/org/apache/lucene/queryParser/standard/parser/StandardSyntaxParserConstants.java
1027,src/java/org/apache/lucene/queryParser/standard/parser/StandardSyntaxParserTokenManager.java
1028,src/java/org/apache/lucene/queryParser/standard/parser/Token.java
1029,src/java/org/apache/lucene/queryParser/standard/parser/TokenMgrError.java
1030,src/java/org/apache/lucene/queryParser/standard/processors/AllowLeadingWildcardProcessor.java
1031,src/java/org/apache/lucene/queryParser/standard/processors/AnalyzerQueryNodeProcessor.java
1032,src/java/org/apache/lucene/queryParser/standard/processors/BooleanSingleChildOptimizationQueryNodeProcessor.java
1033,src/java/org/apache/lucene/queryParser/standard/processors/BoostQueryNodeProcessor.java
1034,src/java/org/apache/lucene/queryParser/standard/processors/DefaultPhraseSlopQueryNodeProcessor.java
1035,src/java/org/apache/lucene/queryParser/standard/processors/GroupQueryNodeProcessor.java
1036,src/java/org/apache/lucene/queryParser/standard/processors/LowercaseExpandedTermsQueryNodeProcessor.java
1037,src/java/org/apache/lucene/queryParser/standard/processors/MatchAllDocsQueryNodeProcessor.java
1038,src/java/org/apache/lucene/queryParser/standard/processors/MultiFieldQueryNodeProcessor.java
1039,src/java/org/apache/lucene/queryParser/standard/processors/MultiTermRewriteMethodProcessor.java
1040,src/java/org/apache/lucene/queryParser/standard/processors/ParametricRangeQueryNodeProcessor.java
1041,src/java/org/apache/lucene/queryParser/standard/processors/PhraseSlopQueryNodeProcessor.java
1042,src/java/org/apache/lucene/queryParser/standard/processors/RemoveEmptyNonLeafQueryNodeProcessor.java
1043,src/java/org/apache/lucene/queryParser/standard/processors/StandardQueryNodeProcessorPipeline.java
1044,src/java/org/apache/lucene/queryParser/standard/processors/WildcardQueryNodeProcessor.java
1045,src/java/org/apache/lucene/queryParser/standard/QueryParserUtil.java
1046,src/java/org/apache/lucene/queryParser/standard/QueryParserWrapper.java
1047,src/java/org/apache/lucene/queryParser/standard/StandardQueryParser.java
1048,src/test/org/apache/lucene/queryParser/spans/SpanOrQueryNodeBuilder.java
1049,src/test/org/apache/lucene/queryParser/spans/SpansQueryConfigHandler.java
1050,src/test/org/apache/lucene/queryParser/spans/SpansQueryTreeBuilder.java
1051,src/test/org/apache/lucene/queryParser/spans/SpanTermQueryNodeBuilder.java
1052,src/test/org/apache/lucene/queryParser/spans/TestSpanQueryParser.java
1053,src/test/org/apache/lucene/queryParser/spans/TestSpanQueryParserSimpleSample.java
1054,src/test/org/apache/lucene/queryParser/spans/UniqueFieldAttribute.java
1055,src/test/org/apache/lucene/queryParser/spans/UniqueFieldAttributeImpl.java
1056,src/test/org/apache/lucene/queryParser/standard/TestMultiAnalyzerQPHelper.java
1057,src/test/org/apache/lucene/queryParser/standard/TestMultiAnalyzerWrapper.java
1058,src/test/org/apache/lucene/queryParser/standard/TestMultiFieldQPHelper.java
1059,src/test/org/apache/lucene/queryParser/standard/TestMultiFieldQueryParserWrapper.java
1060,src/test/org/apache/lucene/queryParser/standard/TestQPHelper.java
1061,src/test/org/apache/lucene/queryParser/standard/TestQueryParserWrapper.java
1062,src/java/org/apache/lucene/search/RMIRemoteSearchable.java
1063,src/test/org/apache/lucene/search/TestRemoteSort.java
1064,src/java/org/tartarus/snowball/Among.java
1065,src/java/org/tartarus/snowball/ext/DanishStemmer.java
1066,src/java/org/tartarus/snowball/ext/DutchStemmer.java
1067,src/java/org/tartarus/snowball/ext/EnglishStemmer.java
1068,src/java/org/tartarus/snowball/ext/FinnishStemmer.java
1069,src/java/org/tartarus/snowball/ext/FrenchStemmer.java
1070,src/java/org/tartarus/snowball/ext/German2Stemmer.java
1071,src/java/org/tartarus/snowball/ext/GermanStemmer.java
1072,src/java/org/tartarus/snowball/ext/HungarianStemmer.java
1073,src/java/org/tartarus/snowball/ext/ItalianStemmer.java
1074,src/java/org/tartarus/snowball/ext/KpStemmer.java
1075,src/java/org/tartarus/snowball/ext/LovinsStemmer.java
1076,src/java/org/tartarus/snowball/ext/NorwegianStemmer.java
1077,src/java/org/tartarus/snowball/ext/PorterStemmer.java
1078,src/java/org/tartarus/snowball/ext/PortugueseStemmer.java
1079,src/java/org/tartarus/snowball/ext/RomanianStemmer.java
1080,src/java/org/tartarus/snowball/ext/RussianStemmer.java
1081,src/java/org/tartarus/snowball/ext/SpanishStemmer.java
1082,src/java/org/tartarus/snowball/ext/SwedishStemmer.java
1083,src/java/org/tartarus/snowball/ext/TurkishStemmer.java
1084,src/java/org/tartarus/snowball/SnowballProgram.java
1085,src/java/org/tartarus/snowball/TestApp.java
1086,src/java/org/apache/lucene/spatial/geohash/GeoHashDistanceFilter.java
1087,src/java/org/apache/lucene/spatial/geohash/GeoHashUtils.java
1088,src/java/org/apache/lucene/spatial/geometry/CartesianPoint.java
1089,src/java/org/apache/lucene/spatial/geometry/DistanceUnits.java
1090,src/java/org/apache/lucene/spatial/geometry/FixedLatLng.java
1091,src/java/org/apache/lucene/spatial/geometry/FloatLatLng.java
1092,src/java/org/apache/lucene/spatial/geometry/LatLng.java
1093,src/java/org/apache/lucene/spatial/geometry/shape/DistanceApproximation.java
1094,src/java/org/apache/lucene/spatial/geometry/shape/Ellipse.java
1095,src/java/org/apache/lucene/spatial/geometry/shape/Geometry2D.java
1096,src/java/org/apache/lucene/spatial/geometry/shape/IntersectCase.java
1097,src/java/org/apache/lucene/spatial/geometry/shape/LineSegment.java
1098,src/java/org/apache/lucene/spatial/geometry/shape/LLRect.java
1099,src/java/org/apache/lucene/spatial/geometry/shape/Point2D.java
1100,src/java/org/apache/lucene/spatial/geometry/shape/Rectangle.java
1101,src/java/org/apache/lucene/spatial/geometry/shape/Vector2D.java
1102,src/java/org/apache/lucene/spatial/tier/CartesianPolyFilterBuilder.java
1103,src/java/org/apache/lucene/spatial/tier/CartesianShapeFilter.java
1104,src/java/org/apache/lucene/spatial/tier/DistanceFieldComparatorSource.java
1105,src/java/org/apache/lucene/spatial/tier/DistanceFilter.java
1106,src/java/org/apache/lucene/spatial/tier/DistanceHandler.java
1107,src/java/org/apache/lucene/spatial/tier/DistanceQueryBuilder.java
1108,src/java/org/apache/lucene/spatial/tier/DistanceUtils.java
1109,src/java/org/apache/lucene/spatial/tier/InvalidGeoException.java
1110,src/java/org/apache/lucene/spatial/tier/LatLongDistanceFilter.java
1111,src/java/org/apache/lucene/spatial/tier/projections/CartesianTierPlotter.java
1112,src/java/org/apache/lucene/spatial/tier/projections/IProjector.java
1113,src/java/org/apache/lucene/spatial/tier/projections/SinusoidalProjector.java
1114,src/java/org/apache/lucene/spatial/tier/Shape.java
1115,src/test/org/apache/lucene/spatial/tier/PolyShape.java
1116,src/test/org/apache/lucene/spatial/tier/TestCartesian.java
1117,src/test/org/apache/lucene/spatial/tier/TestDistance.java
1118,src/java/org/apache/lucene/search/spell/JaroWinklerDistance.java
1119,src/java/org/apache/lucene/search/spell/LevensteinDistance.java
1120,src/java/org/apache/lucene/search/spell/NGramDistance.java
1121,src/java/org/apache/lucene/search/spell/StringDistance.java
1122,src/test/org/apache/lucene/search/spell/TestNGramDistance.java
1123,src/demo/java/org/apache/lucene/xmlparser/webdemo/FormBasedXmlQueryDemo.java
1124,src/java/org/apache/lucene/xmlparser/builders/BoostingTermBuilder.java
1125,src/java/org/apache/lucene/analysis/ASCIIFoldingFilter.java
1126,src/java/org/apache/lucene/analysis/BaseCharFilter.java
1127,src/java/org/apache/lucene/analysis/CharacterCache.java
1128,src/java/org/apache/lucene/analysis/CharFilter.java
1129,src/java/org/apache/lucene/analysis/CharStream.java
1130,src/java/org/apache/lucene/analysis/MappingCharFilter.java
1131,src/java/org/apache/lucene/analysis/NormalizeCharMap.java
1132,src/java/org/apache/lucene/analysis/NumericTokenStream.java
1133,src/java/org/apache/lucene/analysis/TeeSinkTokenFilter.java
1134,src/java/org/apache/lucene/analysis/tokenattributes/FlagsAttribute.java
1135,src/java/org/apache/lucene/analysis/tokenattributes/FlagsAttributeImpl.java
1136,src/java/org/apache/lucene/analysis/tokenattributes/OffsetAttribute.java
1137,src/java/org/apache/lucene/analysis/tokenattributes/OffsetAttributeImpl.java
1138,src/java/org/apache/lucene/analysis/tokenattributes/PayloadAttribute.java
1139,src/java/org/apache/lucene/analysis/tokenattributes/PayloadAttributeImpl.java
1140,src/java/org/apache/lucene/analysis/tokenattributes/PositionIncrementAttribute.java
1141,src/java/org/apache/lucene/analysis/tokenattributes/PositionIncrementAttributeImpl.java
1142,src/java/org/apache/lucene/analysis/tokenattributes/TermAttribute.java
1143,src/java/org/apache/lucene/analysis/tokenattributes/TermAttributeImpl.java
1144,src/java/org/apache/lucene/analysis/tokenattributes/TypeAttribute.java
1145,src/java/org/apache/lucene/analysis/tokenattributes/TypeAttributeImpl.java
1146,src/java/org/apache/lucene/analysis/TokenWrapper.java
1147,src/java/org/apache/lucene/document/NumericField.java
1148,src/java/org/apache/lucene/index/AllTermDocs.java
1149,src/java/org/apache/lucene/index/BufferedDeletes.java
1150,src/java/org/apache/lucene/index/ByteSliceReader.java
1151,src/java/org/apache/lucene/index/DirectoryOwningReader.java
1152,src/java/org/apache/lucene/index/DirectoryReader.java
1153,src/java/org/apache/lucene/index/DocConsumer.java
1154,src/java/org/apache/lucene/index/DocFieldConsumer.java
1155,src/java/org/apache/lucene/index/DocFieldConsumersPerThread.java
1156,src/java/org/apache/lucene/index/DocFieldProcessorPerThread.java
1157,src/java/org/apache/lucene/index/DocInverter.java
1158,src/java/org/apache/lucene/index/DocInverterPerField.java
1159,src/java/org/apache/lucene/index/DocInverterPerThread.java
1160,src/java/org/apache/lucene/index/FieldInvertState.java
1161,src/java/org/apache/lucene/index/FormatPostingsFieldsConsumer.java
1162,src/java/org/apache/lucene/index/FormatPostingsPositionsWriter.java
1163,src/java/org/apache/lucene/index/FormatPostingsTermsConsumer.java
1164,src/java/org/apache/lucene/index/FreqProxFieldMergeState.java
1165,src/java/org/apache/lucene/index/FreqProxTermsWriter.java
1166,src/java/org/apache/lucene/index/FreqProxTermsWriterPerField.java
1167,src/java/org/apache/lucene/index/IndexCommit.java
1168,src/java/org/apache/lucene/index/InvertedDocConsumer.java
1169,src/java/org/apache/lucene/index/InvertedDocConsumerPerField.java
1170,src/java/org/apache/lucene/index/InvertedDocEndConsumer.java
1171,src/java/org/apache/lucene/index/InvertedDocEndConsumerPerField.java
1172,src/java/org/apache/lucene/index/InvertedDocEndConsumerPerThread.java
1173,src/java/org/apache/lucene/index/MergeDocIDRemapper.java
1174,src/java/org/apache/lucene/index/NormsWriter.java
1175,src/java/org/apache/lucene/index/RawPostingList.java
1176,src/java/org/apache/lucene/index/StoredFieldsWriter.java
1177,src/java/org/apache/lucene/index/TermsHash.java
1178,src/java/org/apache/lucene/index/TermsHashConsumer.java
1179,src/java/org/apache/lucene/index/TermsHashConsumerPerField.java
1180,src/java/org/apache/lucene/index/TermsHashPerField.java
1181,src/java/org/apache/lucene/index/TermsHashPerThread.java
1182,src/java/org/apache/lucene/index/TermVectorsTermsWriter.java
1183,src/java/org/apache/lucene/index/TermVectorsTermsWriterPerField.java
1184,src/java/org/apache/lucene/index/TermVectorsTermsWriterPerThread.java
1185,src/java/org/apache/lucene/messages/MessageImpl.java
1186,src/java/org/apache/lucene/messages/NLS.java
1187,src/java/org/apache/lucene/messages/NLSException.java
1188,src/java/org/apache/lucene/search/Collector.java
1189,src/java/org/apache/lucene/search/DocIdSet.java
1190,src/java/org/apache/lucene/search/DocIdSetIterator.java
1191,src/java/org/apache/lucene/search/FieldCacheRangeFilter.java
1192,src/java/org/apache/lucene/search/FieldCacheTermsFilter.java
1193,src/java/org/apache/lucene/search/FieldComparator.java
1194,src/java/org/apache/lucene/search/FieldComparatorSource.java
1195,src/java/org/apache/lucene/search/FieldValueHitQueue.java
1196,src/java/org/apache/lucene/search/FilteredDocIdSet.java
1197,src/java/org/apache/lucene/search/FilteredDocIdSetIterator.java
1198,src/java/org/apache/lucene/search/function/MultiValueSource.java
1199,src/java/org/apache/lucene/search/HitCollectorWrapper.java
1200,src/java/org/apache/lucene/search/MultiTermQueryWrapperFilter.java
1201,src/java/org/apache/lucene/search/NumericRangeFilter.java
1202,src/java/org/apache/lucene/search/NumericRangeQuery.java
1203,src/java/org/apache/lucene/search/payloads/AveragePayloadFunction.java
1204,src/java/org/apache/lucene/search/payloads/PayloadFunction.java
1205,src/java/org/apache/lucene/search/payloads/PayloadNearQuery.java
1206,src/java/org/apache/lucene/search/payloads/PayloadSpanUtil.java
1207,src/java/org/apache/lucene/search/payloads/PayloadTermQuery.java
1208,src/java/org/apache/lucene/search/ScoreCachingWrappingScorer.java
1209,src/java/org/apache/lucene/search/spans/FieldMaskingSpanQuery.java
1210,src/java/org/apache/lucene/search/TermRangeFilter.java
1211,src/java/org/apache/lucene/search/TermRangeQuery.java
1212,src/java/org/apache/lucene/search/TermRangeTermEnum.java
1213,src/java/org/apache/lucene/search/TimeLimitedCollector.java
1214,src/java/org/apache/lucene/search/TimeLimitingCollector.java
1215,src/java/org/apache/lucene/search/TopDocsCollector.java
1216,src/java/org/apache/lucene/search/TopFieldCollector.java
1217,src/java/org/apache/lucene/search/TopScoreDocCollector.java
1218,src/java/org/apache/lucene/store/FileSwitchDirectory.java
1219,src/java/org/apache/lucene/store/FSLockFactory.java
1220,src/java/org/apache/lucene/store/NIOFSDirectory.java
1221,src/java/org/apache/lucene/store/SimpleFSDirectory.java
1222,src/java/org/apache/lucene/util/ArrayUtil.java
1223,src/java/org/apache/lucene/util/Attribute.java
1224,src/java/org/apache/lucene/util/AttributeImpl.java
1225,src/java/org/apache/lucene/util/AttributeSource.java
1226,src/java/org/apache/lucene/util/AverageGuessMemoryModel.java
1227,src/java/org/apache/lucene/util/BitUtil.java
1228,src/java/org/apache/lucene/util/cache/Cache.java
1229,src/java/org/apache/lucene/util/CloseableThreadLocal.java
1230,src/java/org/apache/lucene/util/DocIdBitSet.java
1231,src/java/org/apache/lucene/util/FieldCacheSanityChecker.java
1232,src/java/org/apache/lucene/util/IndexableBinaryStringTools.java
1233,src/java/org/apache/lucene/util/MapOfSets.java
1234,src/java/org/apache/lucene/util/MemoryModel.java
1235,src/java/org/apache/lucene/util/NumericUtils.java
1236,src/java/org/apache/lucene/util/OpenBitSet.java
1237,src/java/org/apache/lucene/util/OpenBitSetDISI.java
1238,src/java/org/apache/lucene/util/OpenBitSetIterator.java
1239,src/java/org/apache/lucene/util/RamUsageEstimator.java
1240,src/java/org/apache/lucene/util/ReaderUtil.java
1241,src/java/org/apache/lucene/util/SimpleStringInterner.java
1242,src/java/org/apache/lucene/util/SortedVIntList.java
1243,src/java/org/apache/lucene/util/SorterTemplate.java
1244,src/java/org/apache/lucene/util/StringInterner.java
1245,src/java/org/apache/lucene/util/UnicodeUtil.java
1246,src/java/org/apache/lucene/util/Version.java
1247,src/test/org/apache/lucene/analysis/BaseTokenStreamTestCase.java
1248,src/test/org/apache/lucene/analysis/TestASCIIFoldingFilter.java
1249,src/test/org/apache/lucene/analysis/TestCharacterCache.java
1250,src/test/org/apache/lucene/analysis/TestCharFilter.java
1251,src/test/org/apache/lucene/analysis/TestMappingCharFilter.java
1252,src/test/org/apache/lucene/analysis/TestNumericTokenStream.java
1253,src/test/org/apache/lucene/analysis/TestTeeSinkTokenFilter.java
1254,src/test/org/apache/lucene/analysis/TestTeeTokenFilter.java
1255,src/test/org/apache/lucene/analysis/TestTokenStreamBWComp.java
1256,src/test/org/apache/lucene/analysis/tokenattributes/TestSimpleAttributeImpls.java
1257,src/test/org/apache/lucene/analysis/tokenattributes/TestTermAttributeImpl.java
1258,src/test/org/apache/lucene/index/TestByteSlices.java
1259,src/test/org/apache/lucene/index/TestCrash.java
1260,src/test/org/apache/lucene/index/TestDirectoryReader.java
1261,src/test/org/apache/lucene/index/TestIndexReaderClone.java
1262,src/test/org/apache/lucene/index/TestIndexReaderCloneNorms.java
1263,src/test/org/apache/lucene/index/TestIndexWriterExceptions.java
1264,src/test/org/apache/lucene/index/TestIndexWriterReader.java
1265,src/test/org/apache/lucene/index/TestNRTReaderWithThreads.java
1266,src/test/org/apache/lucene/index/TestOmitTf.java
1267,src/test/org/apache/lucene/index/TestParallelReaderEmptyIndex.java
1268,src/test/org/apache/lucene/index/TestStressIndexing2.java
1269,src/test/org/apache/lucene/index/TestTransactionRollback.java
1270,src/test/org/apache/lucene/index/TestTransactions.java
1271,src/test/org/apache/lucene/messages/TestNLS.java
1272,src/test/org/apache/lucene/search/function/JustCompileSearchSpans.java
1273,src/test/org/apache/lucene/search/function/TestDocValues.java
1274,src/test/org/apache/lucene/search/function/TestValueSource.java
1275,src/test/org/apache/lucene/search/JustCompileSearch.java
1276,src/test/org/apache/lucene/search/payloads/PayloadHelper.java
1277,src/test/org/apache/lucene/search/payloads/TestPayloadNearQuery.java
1278,src/test/org/apache/lucene/search/payloads/TestPayloadTermQuery.java
1279,src/test/org/apache/lucene/search/spans/JustCompileSearchSpans.java
1280,src/test/org/apache/lucene/search/spans/TestFieldMaskingSpanQuery.java
1281,src/test/org/apache/lucene/search/spans/TestPayloadSpans.java
1282,src/test/org/apache/lucene/search/TestDocIdSet.java
1283,src/test/org/apache/lucene/search/TestElevationComparator.java
1284,src/test/org/apache/lucene/search/TestFieldCache.java
1285,src/test/org/apache/lucene/search/TestFieldCacheRangeFilter.java
1286,src/test/org/apache/lucene/search/TestFieldCacheTermsFilter.java
1287,src/test/org/apache/lucene/search/TestFilteredSearch.java
1288,src/test/org/apache/lucene/search/TestMultiTermConstantScore.java
1289,src/test/org/apache/lucene/search/TestNumericRangeQuery32.java
1290,src/test/org/apache/lucene/search/TestNumericRangeQuery64.java
1291,src/test/org/apache/lucene/search/TestPositiveScoresOnlyCollector.java
1292,src/test/org/apache/lucene/search/TestQueryWrapperFilter.java
1293,src/test/org/apache/lucene/search/TestScoreCachingWrappingScorer.java
1294,src/test/org/apache/lucene/search/TestSloppyPhraseQuery.java
1295,src/test/org/apache/lucene/search/TestStressSort.java
1296,src/test/org/apache/lucene/search/TestTermRangeFilter.java
1297,src/test/org/apache/lucene/search/TestTermRangeQuery.java
1298,src/test/org/apache/lucene/search/TestTimeLimitedCollector.java
1299,src/test/org/apache/lucene/search/TestTimeLimitingCollector.java
1300,src/test/org/apache/lucene/search/TestTopDocsCollector.java
1301,src/test/org/apache/lucene/search/TestTopScoreDocCollector.java
1302,src/test/org/apache/lucene/store/TestDirectory.java
1303,src/test/org/apache/lucene/store/TestRAMDirectory.java
1304,src/test/org/apache/lucene/util/ArrayUtilTest.java
1305,src/test/org/apache/lucene/util/cache/TestSimpleLRUCache.java
1306,src/test/org/apache/lucene/util/LocalizedTestCase.java
1307,src/test/org/apache/lucene/util/TestAttributeSource.java
1308,src/test/org/apache/lucene/util/TestCloseableThreadLocal.java
1309,src/test/org/apache/lucene/util/TestFieldCacheSanityChecker.java
1310,src/test/org/apache/lucene/util/TestIndexableBinaryStringTools.java
1311,src/test/org/apache/lucene/util/TestNumericUtils.java
1312,src/test/org/apache/lucene/util/TestOpenBitSet.java
1313,src/test/org/apache/lucene/util/TestSortedVIntList.java
1314,src/test/org/apache/lucene/util/TestStringIntern.java
