0,maven/jruby-rake-plugin/src/main/java/org/jruby/maven/AbstractJRubyMojo.java
1,maven/jruby-rake-plugin/src/main/java/org/jruby/maven/GemMojo.java
2,maven/jruby-rake-plugin/src/main/java/org/jruby/maven/InstallGemsMojo.java
3,maven/jruby-rake-plugin/src/main/java/org/jruby/maven/IRBMojo.java
4,maven/jruby-rake-plugin/src/main/java/org/jruby/maven/JRubyMojo.java
5,maven/jruby-rake-plugin/src/main/java/org/jruby/maven/RakeMojo.java
6,samples/compiler2/MyObjectTest.java
7,samples/compiler2/MyObjectTest2.java
8,samples/ext/mytest.c
9,spec/java_integration/fixtures/_funky/MyClass.java
10,spec/java_integration/fixtures/AnotherRunnable.java
11,spec/java_integration/fixtures/ArrayReceiver.java
12,spec/java_integration/fixtures/ArrayReturningInterface.java
13,spec/java_integration/fixtures/ArrayReturningInterfaceConsumer.java
14,spec/java_integration/fixtures/BeanLikeInterface.java
15,spec/java_integration/fixtures/BeanLikeInterfaceHandler.java
16,spec/java_integration/fixtures/BooleanReturningInterface.java
17,spec/java_integration/fixtures/BooleanReturningInterfaceConsumer.java
18,spec/java_integration/fixtures/ClassWithEnums.java
19,spec/java_integration/fixtures/ConcreteWithVirtualCall.java
20,spec/java_integration/fixtures/ConstantHoldingInterface.java
21,spec/java_integration/fixtures/CoreTypeMethods.java
22,spec/java_integration/fixtures/DescendantOfSingleMethodInterface.java
23,spec/java_integration/fixtures/JavaFields.java
24,spec/java_integration/fixtures/JavaIterable.java
25,spec/java_integration/fixtures/JavaTypeMethods.java
26,spec/java_integration/fixtures/MethodNames.java
27,spec/java_integration/fixtures/PackageConstructor.java
28,spec/java_integration/fixtures/PackageField.java
29,spec/java_integration/fixtures/PackageInstanceMethod.java
30,spec/java_integration/fixtures/PackageStaticMethod.java
31,spec/java_integration/fixtures/PrivateConstructor.java
32,spec/java_integration/fixtures/PrivateField.java
33,spec/java_integration/fixtures/PrivateInstanceMethod.java
34,spec/java_integration/fixtures/PrivateStaticMethod.java
35,spec/java_integration/fixtures/ProtectedConstructor.java
36,spec/java_integration/fixtures/ProtectedInstanceMethod.java
37,spec/java_integration/fixtures/ProtectedStaticMethod.java
38,spec/java_integration/fixtures/PublicConstructor.java
39,spec/java_integration/fixtures/PublicField.java
40,spec/java_integration/fixtures/ReturnsInterface.java
41,spec/java_integration/fixtures/ReturnsInterfaceConsumer.java
42,spec/java_integration/fixtures/SingleMethodInterface.java
43,spec/java_integration/fixtures/StaticMethodSelection.java
44,spec/java_integration/fixtures/ThrowExceptionOnCreate.java
45,spec/java_integration/fixtures/UsesDescendantOfSingleMethodInterface.java
46,spec/java_integration/fixtures/UsesSingleMethodInterface.java
47,spec/java_integration/fixtures/ValueReceivingInterface.java
48,spec/java_integration/fixtures/ValueReceivingInterfaceHandler.java
49,src/org/jruby/anno/AnnotationBinder.java
50,src/org/jruby/anno/Coercion.java
51,src/org/jruby/anno/CoercionType.java
52,src/org/jruby/anno/FrameField.java
53,src/org/jruby/anno/InvokerGenerator.java
54,src/org/jruby/anno/JavaMethodDescriptor.java
55,src/org/jruby/anno/JRubyClass.java
56,src/org/jruby/anno/JRubyConstant.java
57,src/org/jruby/anno/JRubyMethod.java
58,src/org/jruby/anno/JRubyModule.java
59,src/org/jruby/anno/TypePopulator.java
60,src/org/jruby/ast/AliasNode.java
61,src/org/jruby/ast/AndNode.java
62,src/org/jruby/ast/ArgAuxillaryNode.java
63,src/org/jruby/ast/ArgsCatNode.java
64,src/org/jruby/ast/ArgsNoArgNode.java
65,src/org/jruby/ast/ArgsNode.java
66,src/org/jruby/ast/ArgsPreOneArgNode.java
67,src/org/jruby/ast/ArgsPreTwoArgNode.java
68,src/org/jruby/ast/ArgsPushNode.java
69,src/org/jruby/ast/ArgumentNode.java
70,src/org/jruby/ast/ArrayNode.java
71,src/org/jruby/ast/AssignableNode.java
72,src/org/jruby/ast/AttrAssignNode.java
73,src/org/jruby/ast/AttrAssignOneArgNode.java
74,src/org/jruby/ast/AttrAssignThreeArgNode.java
75,src/org/jruby/ast/AttrAssignTwoArgNode.java
76,src/org/jruby/ast/BackRefNode.java
77,src/org/jruby/ast/BeginNode.java
78,src/org/jruby/ast/BignumNode.java
79,src/org/jruby/ast/BinaryOperatorNode.java
80,src/org/jruby/ast/BlockAcceptingNode.java
81,src/org/jruby/ast/BlockArgNode.java
82,src/org/jruby/ast/BlockNode.java
83,src/org/jruby/ast/BlockPassNode.java
84,src/org/jruby/ast/BreakNode.java
85,src/org/jruby/ast/CallManyArgsBlockNode.java
86,src/org/jruby/ast/CallManyArgsBlockPassNode.java
87,src/org/jruby/ast/CallManyArgsNode.java
88,src/org/jruby/ast/CallNoArgBlockNode.java
89,src/org/jruby/ast/CallNoArgBlockPassNode.java
90,src/org/jruby/ast/CallNoArgNode.java
91,src/org/jruby/ast/CallNode.java
92,src/org/jruby/ast/CallOneArgBlockNode.java
93,src/org/jruby/ast/CallOneArgBlockPassNode.java
94,src/org/jruby/ast/CallOneArgFixnumNode.java
95,src/org/jruby/ast/CallOneArgNode.java
96,src/org/jruby/ast/CallSpecialArgBlockNode.java
97,src/org/jruby/ast/CallSpecialArgBlockPassNode.java
98,src/org/jruby/ast/CallSpecialArgNode.java
99,src/org/jruby/ast/CallThreeArgBlockNode.java
100,src/org/jruby/ast/CallThreeArgBlockPassNode.java
101,src/org/jruby/ast/CallThreeArgNode.java
102,src/org/jruby/ast/CallTwoArgBlockNode.java
103,src/org/jruby/ast/CallTwoArgBlockPassNode.java
104,src/org/jruby/ast/CallTwoArgNode.java
105,src/org/jruby/ast/CaseNode.java
106,src/org/jruby/ast/ClassNode.java
107,src/org/jruby/ast/ClassVarAsgnNode.java
108,src/org/jruby/ast/ClassVarDeclNode.java
109,src/org/jruby/ast/ClassVarNode.java
110,src/org/jruby/ast/Colon2ConstNode.java
111,src/org/jruby/ast/Colon2ImplicitNode.java
112,src/org/jruby/ast/Colon2MethodNode.java
113,src/org/jruby/ast/Colon2Node.java
114,src/org/jruby/ast/Colon3Node.java
115,src/org/jruby/ast/ConstDeclNode.java
116,src/org/jruby/ast/ConstNode.java
117,src/org/jruby/ast/DAsgnNode.java
118,src/org/jruby/ast/DefinedNode.java
119,src/org/jruby/ast/DefnNode.java
120,src/org/jruby/ast/DefsNode.java
121,src/org/jruby/ast/DotNode.java
122,src/org/jruby/ast/DRegexpNode.java
123,src/org/jruby/ast/DStrNode.java
124,src/org/jruby/ast/DSymbolNode.java
125,src/org/jruby/ast/DVarNode.java
126,src/org/jruby/ast/DXStrNode.java
127,src/org/jruby/ast/EncodingNode.java
128,src/org/jruby/ast/EnsureNode.java
129,src/org/jruby/ast/EvStrNode.java
130,src/org/jruby/ast/executable/AbstractScript.java
131,src/org/jruby/ast/executable/Script.java
132,src/org/jruby/ast/FalseNode.java
133,src/org/jruby/ast/FCallManyArgsBlockNode.java
134,src/org/jruby/ast/FCallManyArgsBlockPassNode.java
135,src/org/jruby/ast/FCallManyArgsNode.java
136,src/org/jruby/ast/FCallNoArgBlockNode.java
137,src/org/jruby/ast/FCallNoArgBlockPassNode.java
138,src/org/jruby/ast/FCallNoArgNode.java
139,src/org/jruby/ast/FCallNode.java
140,src/org/jruby/ast/FCallOneArgBlockNode.java
141,src/org/jruby/ast/FCallOneArgBlockPassNode.java
142,src/org/jruby/ast/FCallOneArgNode.java
143,src/org/jruby/ast/FCallSpecialArgBlockNode.java
144,src/org/jruby/ast/FCallSpecialArgBlockPassNode.java
145,src/org/jruby/ast/FCallSpecialArgNode.java
146,src/org/jruby/ast/FCallThreeArgBlockNode.java
147,src/org/jruby/ast/FCallThreeArgBlockPassNode.java
148,src/org/jruby/ast/FCallThreeArgNode.java
149,src/org/jruby/ast/FCallTwoArgBlockNode.java
150,src/org/jruby/ast/FCallTwoArgBlockPassNode.java
151,src/org/jruby/ast/FCallTwoArgNode.java
152,src/org/jruby/ast/FileNode.java
153,src/org/jruby/ast/FixnumNode.java
154,src/org/jruby/ast/FlipNode.java
155,src/org/jruby/ast/FloatNode.java
156,src/org/jruby/ast/ForNode.java
157,src/org/jruby/ast/GlobalAsgnNode.java
158,src/org/jruby/ast/GlobalVarNode.java
159,src/org/jruby/ast/Hash19Node.java
160,src/org/jruby/ast/HashNode.java
161,src/org/jruby/ast/IArgumentNode.java
162,src/org/jruby/ast/IfNode.java
163,src/org/jruby/ast/InstAsgnNode.java
164,src/org/jruby/ast/InstVarNode.java
165,src/org/jruby/ast/InvisibleNode.java
166,src/org/jruby/ast/IScopingNode.java
167,src/org/jruby/ast/IterNode.java
168,src/org/jruby/ast/LambdaNode.java
169,src/org/jruby/ast/ListNode.java
170,src/org/jruby/ast/LocalAsgnNode.java
171,src/org/jruby/ast/LocalVarNode.java
172,src/org/jruby/ast/Match2Node.java
173,src/org/jruby/ast/Match3Node.java
174,src/org/jruby/ast/MatchNode.java
175,src/org/jruby/ast/MethodDefNode.java
176,src/org/jruby/ast/ModuleNode.java
177,src/org/jruby/ast/MultipleAsgn19Node.java
178,src/org/jruby/ast/MultipleAsgnNode.java
179,src/org/jruby/ast/NewlineNode.java
180,src/org/jruby/ast/NextNode.java
181,src/org/jruby/ast/NilImplicitNode.java
182,src/org/jruby/ast/NilNode.java
183,src/org/jruby/ast/Node.java
184,src/org/jruby/ast/NodeType.java
185,src/org/jruby/ast/NotNode.java
186,src/org/jruby/ast/NthRefNode.java
187,src/org/jruby/ast/OpAsgnAndNode.java
188,src/org/jruby/ast/OpAsgnNode.java
189,src/org/jruby/ast/OpAsgnOrNode.java
190,src/org/jruby/ast/OpElementAsgnNode.java
191,src/org/jruby/ast/OpElementOneArgAndAsgnNode.java
192,src/org/jruby/ast/OpElementOneArgAsgnNode.java
193,src/org/jruby/ast/OptArgNode.java
194,src/org/jruby/ast/OrNode.java
195,src/org/jruby/ast/PostExeNode.java
196,src/org/jruby/ast/PreExeNode.java
197,src/org/jruby/ast/RedoNode.java
198,src/org/jruby/ast/RegexpNode.java
199,src/org/jruby/ast/RescueBodyNode.java
200,src/org/jruby/ast/RescueNode.java
201,src/org/jruby/ast/RestArgNode.java
202,src/org/jruby/ast/RetryNode.java
203,src/org/jruby/ast/ReturnNode.java
204,src/org/jruby/ast/RootNode.java
205,src/org/jruby/ast/SClassNode.java
206,src/org/jruby/ast/SelfNode.java
207,src/org/jruby/ast/SplatNode.java
208,src/org/jruby/ast/StarNode.java
209,src/org/jruby/ast/StrNode.java
210,src/org/jruby/ast/SuperNode.java
211,src/org/jruby/ast/SValueNode.java
212,src/org/jruby/ast/SymbolNode.java
213,src/org/jruby/ast/ToAryNode.java
214,src/org/jruby/ast/TrueNode.java
215,src/org/jruby/ast/TypedArgumentNode.java
216,src/org/jruby/ast/types/IArityNode.java
217,src/org/jruby/ast/types/IEqlNode.java
218,src/org/jruby/ast/types/ILiteralNode.java
219,src/org/jruby/ast/types/INameNode.java
220,src/org/jruby/ast/UndefNode.java
221,src/org/jruby/ast/UnnamedRestArgNode.java
222,src/org/jruby/ast/UntilNode.java
223,src/org/jruby/ast/util/ArgsUtil.java
224,src/org/jruby/ast/util/SexpMaker.java
225,src/org/jruby/ast/VAliasNode.java
226,src/org/jruby/ast/VCallNode.java
227,src/org/jruby/ast/visitor/NodeVisitor.java
228,src/org/jruby/ast/WhenNode.java
229,src/org/jruby/ast/WhenOneArgNode.java
230,src/org/jruby/ast/WhileNode.java
231,src/org/jruby/ast/XStrNode.java
232,src/org/jruby/ast/YieldNode.java
233,src/org/jruby/ast/YieldOneNode.java
234,src/org/jruby/ast/YieldThreeNode.java
235,src/org/jruby/ast/YieldTwoNode.java
236,src/org/jruby/ast/ZArrayNode.java
237,src/org/jruby/ast/ZeroArgNode.java
238,src/org/jruby/ast/ZSuperNode.java
239,src/org/jruby/ast/ZYieldNode.java
240,src/org/jruby/common/IRubyWarnings.java
241,src/org/jruby/common/NullWarnings.java
242,src/org/jruby/common/RubyWarnings.java
243,src/org/jruby/CompatVersion.java
244,src/org/jruby/compiler/ArgumentsCallback.java
245,src/org/jruby/compiler/ArrayCallback.java
246,src/org/jruby/compiler/ASTCompiler.java
247,src/org/jruby/compiler/ASTCompiler19.java
248,src/org/jruby/compiler/ASTInspector.java
249,src/org/jruby/compiler/BodyCompiler.java
250,src/org/jruby/compiler/BranchCallback.java
251,src/org/jruby/compiler/CacheCompiler.java
252,src/org/jruby/compiler/CompilerCallback.java
253,src/org/jruby/compiler/DAGBuilder.java
254,src/org/jruby/compiler/FastSwitchType.java
255,src/org/jruby/compiler/impl/AbstractVariableCompiler.java
256,src/org/jruby/compiler/impl/BaseBodyCompiler.java
257,src/org/jruby/compiler/impl/ChainedChildBodyCompiler.java
258,src/org/jruby/compiler/impl/ChainedChildBodyCompiler19.java
259,src/org/jruby/compiler/impl/ChainedRootBodyCompiler.java
260,src/org/jruby/compiler/impl/ChildScopedBodyCompiler.java
261,src/org/jruby/compiler/impl/ChildScopedBodyCompiler19.java
262,src/org/jruby/compiler/impl/ClassBodyCompiler.java
263,src/org/jruby/compiler/impl/HeapBasedVariableCompiler.java
264,src/org/jruby/compiler/impl/InheritedCacheCompiler.java
265,src/org/jruby/compiler/impl/InvokeDynamicInvocationCompiler.java
266,src/org/jruby/compiler/impl/MethodBodyCompiler.java
267,src/org/jruby/compiler/impl/RootScopedBodyCompiler.java
268,src/org/jruby/compiler/impl/SkinnyMethodAdapter.java
269,src/org/jruby/compiler/impl/StackBasedVariableCompiler.java
270,src/org/jruby/compiler/impl/StandardASMCompiler.java
271,src/org/jruby/compiler/impl/StandardInvocationCompiler.java
272,src/org/jruby/compiler/InvocationCompiler.java
273,src/org/jruby/compiler/ir/CodeVersion.java
274,src/org/jruby/compiler/ir/compiler_pass/CFG_Builder.java
275,src/org/jruby/compiler/ir/compiler_pass/CompilerPass.java
276,src/org/jruby/compiler/ir/compiler_pass/IR_Printer.java
277,src/org/jruby/compiler/ir/compiler_pass/opts/DeadCodeElimination.java
278,src/org/jruby/compiler/ir/compiler_pass/opts/LocalOptimizationPass.java
279,src/org/jruby/compiler/ir/CompilerTarget.java
280,src/org/jruby/compiler/ir/dataflow/analyses/LiveVariableNode.java
281,src/org/jruby/compiler/ir/dataflow/analyses/LiveVariablesProblem.java
282,src/org/jruby/compiler/ir/dataflow/DataFlowConstants.java
283,src/org/jruby/compiler/ir/dataflow/DataFlowProblem.java
284,src/org/jruby/compiler/ir/dataflow/DataFlowVar.java
285,src/org/jruby/compiler/ir/dataflow/FlowGraphNode.java
286,src/org/jruby/compiler/ir/instructions/ALU_Instr.java
287,src/org/jruby/compiler/ir/instructions/ASSERT_METHOD_VERSION_Instr.java
288,src/org/jruby/compiler/ir/instructions/ATTR_ASSIGN_Instr.java
289,src/org/jruby/compiler/ir/instructions/AttributeInstr.java
290,src/org/jruby/compiler/ir/instructions/BEQ_Instr.java
291,src/org/jruby/compiler/ir/instructions/BRANCH_Instr.java
292,src/org/jruby/compiler/ir/instructions/BREAK_Instr.java
293,src/org/jruby/compiler/ir/instructions/CALL_Instr.java
294,src/org/jruby/compiler/ir/instructions/CASE_Instr.java
295,src/org/jruby/compiler/ir/instructions/CLOSURE_RETURN_Instr.java
296,src/org/jruby/compiler/ir/instructions/COPY_Instr.java
297,src/org/jruby/compiler/ir/instructions/DECLARE_LOCAL_TYPE_Instr.java
298,src/org/jruby/compiler/ir/instructions/DEFINE_CLASS_METHOD_Instr.java
299,src/org/jruby/compiler/ir/instructions/DEFINE_INSTANCE_METHOD_Instr.java
300,src/org/jruby/compiler/ir/instructions/EQQ_Instr.java
301,src/org/jruby/compiler/ir/instructions/GET_ARRAY_Instr.java
302,src/org/jruby/compiler/ir/instructions/GET_CONST_Instr.java
303,src/org/jruby/compiler/ir/instructions/GET_CVAR_Instr.java
304,src/org/jruby/compiler/ir/instructions/GET_FIELD_Instr.java
305,src/org/jruby/compiler/ir/instructions/GET_GLOBAL_VAR_Instr.java
306,src/org/jruby/compiler/ir/instructions/GET_Instr.java
307,src/org/jruby/compiler/ir/instructions/GuardInstr.java
308,src/org/jruby/compiler/ir/instructions/IR_Instr.java
309,src/org/jruby/compiler/ir/instructions/IS_TRUE_Instr.java
310,src/org/jruby/compiler/ir/instructions/JRUBY_IMPL_CALL_Instr.java
311,src/org/jruby/compiler/ir/instructions/JUMP_Instr.java
312,src/org/jruby/compiler/ir/instructions/LABEL_Instr.java
313,src/org/jruby/compiler/ir/instructions/MultiOperandInstr.java
314,src/org/jruby/compiler/ir/instructions/NoOperandInstr.java
315,src/org/jruby/compiler/ir/instructions/OneOperandInstr.java
316,src/org/jruby/compiler/ir/instructions/PUT_CONST_Instr.java
317,src/org/jruby/compiler/ir/instructions/PUT_CVAR_Instr.java
318,src/org/jruby/compiler/ir/instructions/PUT_FIELD_Instr.java
319,src/org/jruby/compiler/ir/instructions/PUT_GLOBAL_VAR_Instr.java
320,src/org/jruby/compiler/ir/instructions/PUT_Instr.java
321,src/org/jruby/compiler/ir/instructions/RECV_ARG_Instr.java
322,src/org/jruby/compiler/ir/instructions/RECV_CLOSURE_ARG_Instr.java
323,src/org/jruby/compiler/ir/instructions/RECV_CLOSURE_Instr.java
324,src/org/jruby/compiler/ir/instructions/RECV_OPT_ARG_Instr.java
325,src/org/jruby/compiler/ir/instructions/RETRY_Instr.java
326,src/org/jruby/compiler/ir/instructions/RETURN_Instr.java
327,src/org/jruby/compiler/ir/instructions/RUBY_INTERNALS_CALL_Instr.java
328,src/org/jruby/compiler/ir/instructions/THREAD_POLL_Instr.java
329,src/org/jruby/compiler/ir/instructions/TwoOperandInstr.java
330,src/org/jruby/compiler/ir/instructions/YIELD_Instr.java
331,src/org/jruby/compiler/ir/IR_Builder.java
332,src/org/jruby/compiler/ir/IR_Class.java
333,src/org/jruby/compiler/ir/IR_Closure.java
334,src/org/jruby/compiler/ir/IR_Loop.java
335,src/org/jruby/compiler/ir/IR_Method.java
336,src/org/jruby/compiler/ir/IR_Module.java
337,src/org/jruby/compiler/ir/IR_Scope.java
338,src/org/jruby/compiler/ir/IR_ScopeImpl.java
339,src/org/jruby/compiler/ir/IR_Script.java
340,src/org/jruby/compiler/ir/operands/ArgIndex.java
341,src/org/jruby/compiler/ir/operands/Array.java
342,src/org/jruby/compiler/ir/operands/Attribute.java
343,src/org/jruby/compiler/ir/operands/Backref.java
344,src/org/jruby/compiler/ir/operands/BacktickString.java
345,src/org/jruby/compiler/ir/operands/Bignum.java
346,src/org/jruby/compiler/ir/operands/BooleanLiteral.java
347,src/org/jruby/compiler/ir/operands/CompoundArray.java
348,src/org/jruby/compiler/ir/operands/CompoundString.java
349,src/org/jruby/compiler/ir/operands/Constant.java
350,src/org/jruby/compiler/ir/operands/DynamicReference.java
351,src/org/jruby/compiler/ir/operands/DynamicSymbol.java
352,src/org/jruby/compiler/ir/operands/FieldRef.java
353,src/org/jruby/compiler/ir/operands/Fixnum.java
354,src/org/jruby/compiler/ir/operands/Float.java
355,src/org/jruby/compiler/ir/operands/GlobalVariable.java
356,src/org/jruby/compiler/ir/operands/Hash.java
357,src/org/jruby/compiler/ir/operands/KeyValuePair.java
358,src/org/jruby/compiler/ir/operands/Label.java
359,src/org/jruby/compiler/ir/operands/MetaObject.java
360,src/org/jruby/compiler/ir/operands/MethAddr.java
361,src/org/jruby/compiler/ir/operands/Nil.java
362,src/org/jruby/compiler/ir/operands/Operand.java
363,src/org/jruby/compiler/ir/operands/Range.java
364,src/org/jruby/compiler/ir/operands/Reference.java
365,src/org/jruby/compiler/ir/operands/Regexp.java
366,src/org/jruby/compiler/ir/operands/Splat.java
367,src/org/jruby/compiler/ir/operands/StringLiteral.java
368,src/org/jruby/compiler/ir/operands/SValue.java
369,src/org/jruby/compiler/ir/operands/Symbol.java
370,src/org/jruby/compiler/ir/operands/Variable.java
371,src/org/jruby/compiler/ir/Operation.java
372,src/org/jruby/compiler/ir/representations/BasicBlock.java
373,src/org/jruby/compiler/ir/representations/CFG.java
374,src/org/jruby/compiler/ir/targets/JDK6.java
375,src/org/jruby/compiler/ir/targets/JDK7.java
376,src/org/jruby/compiler/ir/targets/JVM.java
377,src/org/jruby/compiler/JITCompiler.java
378,src/org/jruby/compiler/JITCompilerMBean.java
379,src/org/jruby/compiler/NotCompilableException.java
380,src/org/jruby/compiler/ScriptCompiler.java
381,src/org/jruby/compiler/util/HandleFactory.java
382,src/org/jruby/compiler/VariableCompiler.java
383,src/org/jruby/demo/IRBConsole.java
384,src/org/jruby/demo/TextAreaReadline.java
385,src/org/jruby/environment/OSEnvironment.java
386,src/org/jruby/evaluator/AssignmentVisitor.java
387,src/org/jruby/evaluator/ASTInterpreter.java
388,src/org/jruby/exceptions/JumpException.java
389,src/org/jruby/exceptions/MainExitException.java
390,src/org/jruby/exceptions/RaiseException.java
391,src/org/jruby/exceptions/ThreadKill.java
392,src/org/jruby/ext/ffi/AbstractInvoker.java
393,src/org/jruby/ext/ffi/AbstractMemory.java
394,src/org/jruby/ext/ffi/AllocatedDirectMemoryIO.java
395,src/org/jruby/ext/ffi/ArrayMemoryIO.java
396,src/org/jruby/ext/ffi/AutoPointer.java
397,src/org/jruby/ext/ffi/Buffer.java
398,src/org/jruby/ext/ffi/CallbackInfo.java
399,src/org/jruby/ext/ffi/CallbackManager.java
400,src/org/jruby/ext/ffi/DirectMemoryIO.java
401,src/org/jruby/ext/ffi/Enum.java
402,src/org/jruby/ext/ffi/Factory.java
403,src/org/jruby/ext/ffi/FreedMemoryIO.java
404,src/org/jruby/ext/ffi/InvalidMemoryIO.java
405,src/org/jruby/ext/ffi/io/FileDescriptorByteChannel.java
406,src/org/jruby/ext/ffi/io/FileDescriptorIO.java
407,src/org/jruby/ext/ffi/IOModule.java
408,src/org/jruby/ext/ffi/jffi/AllocatedNativeMemoryIO.java
409,src/org/jruby/ext/ffi/jffi/BoundedNativeMemoryIO.java
410,src/org/jruby/ext/ffi/jffi/CallbackManager.java
411,src/org/jruby/ext/ffi/jffi/CallbackMarshaller.java
412,src/org/jruby/ext/ffi/jffi/CallbackMethodWithBlock.java
413,src/org/jruby/ext/ffi/jffi/CodeMemoryIO.java
414,src/org/jruby/ext/ffi/jffi/DefaultMethod.java
415,src/org/jruby/ext/ffi/jffi/DefaultMethodFactory.java
416,src/org/jruby/ext/ffi/jffi/DefaultMethodOneArg.java
417,src/org/jruby/ext/ffi/jffi/DefaultMethodThreeArg.java
418,src/org/jruby/ext/ffi/jffi/DefaultMethodTwoArg.java
419,src/org/jruby/ext/ffi/jffi/DefaultMethodZeroArg.java
420,src/org/jruby/ext/ffi/jffi/DynamicLibrary.java
421,src/org/jruby/ext/ffi/jffi/Factory.java
422,src/org/jruby/ext/ffi/jffi/FastIntMethod.java
423,src/org/jruby/ext/ffi/jffi/FastIntMethodFactory.java
424,src/org/jruby/ext/ffi/jffi/FastIntMethodOneArg.java
425,src/org/jruby/ext/ffi/jffi/FastIntMethodThreeArg.java
426,src/org/jruby/ext/ffi/jffi/FastIntMethodTwoArg.java
427,src/org/jruby/ext/ffi/jffi/FastIntMethodZeroArg.java
428,src/org/jruby/ext/ffi/jffi/FastIntPointerMethodOneArg.java
429,src/org/jruby/ext/ffi/jffi/FastIntPointerMethodThreeArg.java
430,src/org/jruby/ext/ffi/jffi/FastIntPointerMethodTwoArg.java
431,src/org/jruby/ext/ffi/jffi/FastLongMethod.java
432,src/org/jruby/ext/ffi/jffi/FastLongMethodFactory.java
433,src/org/jruby/ext/ffi/jffi/FastLongMethodZeroArg.java
434,src/org/jruby/ext/ffi/jffi/FFIUtil.java
435,src/org/jruby/ext/ffi/jffi/Function.java
436,src/org/jruby/ext/ffi/jffi/FunctionInvoker.java
437,src/org/jruby/ext/ffi/jffi/IntParameterConverter.java
438,src/org/jruby/ext/ffi/jffi/IntResultConverter.java
439,src/org/jruby/ext/ffi/jffi/Invocation.java
440,src/org/jruby/ext/ffi/jffi/JFFIDynamicMethod.java
441,src/org/jruby/ext/ffi/jffi/JFFIInvoker.java
442,src/org/jruby/ext/ffi/jffi/LongParameterConverter.java
443,src/org/jruby/ext/ffi/jffi/LongResultConverter.java
444,src/org/jruby/ext/ffi/jffi/MethodFactory.java
445,src/org/jruby/ext/ffi/jffi/NativeMemoryIO.java
446,src/org/jruby/ext/ffi/jffi/ParameterMarshaller.java
447,src/org/jruby/ext/ffi/jffi/VariadicInvoker.java
448,src/org/jruby/ext/ffi/MemoryIO.java
449,src/org/jruby/ext/ffi/MemoryOp.java
450,src/org/jruby/ext/ffi/MemoryPointer.java
451,src/org/jruby/ext/ffi/MemoryUtil.java
452,src/org/jruby/ext/ffi/NativeParam.java
453,src/org/jruby/ext/ffi/NativeType.java
454,src/org/jruby/ext/ffi/NoImplFactory.java
455,src/org/jruby/ext/ffi/NullMemoryIO.java
456,src/org/jruby/ext/ffi/Platform.java
457,src/org/jruby/ext/ffi/Pointer.java
458,src/org/jruby/ext/ffi/Struct.java
459,src/org/jruby/ext/ffi/StructByValue.java
460,src/org/jruby/ext/ffi/StructLayout.java
461,src/org/jruby/ext/ffi/StructLayoutBuilder.java
462,src/org/jruby/ext/ffi/Type.java
463,src/org/jruby/ext/ffi/TypeSizeMapper.java
464,src/org/jruby/ext/ffi/Util.java
465,src/org/jruby/ext/JRubyPOSIXHandler.java
466,src/org/jruby/ext/LateLoadingLibrary.java
467,src/org/jruby/ext/NetProtocolBufferedIO.java
468,src/org/jruby/ext/Readline.java
469,src/org/jruby/ext/socket/IANA.java
470,src/org/jruby/ext/socket/RubyBasicSocket.java
471,src/org/jruby/ext/socket/RubyIPSocket.java
472,src/org/jruby/ext/socket/RubySocket.java
473,src/org/jruby/ext/socket/RubyTCPServer.java
474,src/org/jruby/ext/socket/RubyTCPSocket.java
475,src/org/jruby/ext/socket/RubyUDPSocket.java
476,src/org/jruby/ext/socket/RubyUNIXServer.java
477,src/org/jruby/ext/socket/RubyUNIXSocket.java
478,src/org/jruby/ext/Timeout.java
479,src/org/jruby/ext/WeakRef.java
480,src/org/jruby/Finalizable.java
481,src/org/jruby/IncludedModuleWrapper.java
482,src/org/jruby/internal/runtime/FutureThread.java
483,src/org/jruby/internal/runtime/GlobalVariable.java
484,src/org/jruby/internal/runtime/GlobalVariables.java
485,src/org/jruby/internal/runtime/JumpTarget.java
486,src/org/jruby/internal/runtime/methods/AliasMethod.java
487,src/org/jruby/internal/runtime/methods/CallConfiguration.java
488,src/org/jruby/internal/runtime/methods/CompiledMethod.java
489,src/org/jruby/internal/runtime/methods/DefaultMethod.java
490,src/org/jruby/internal/runtime/methods/DumpingInvocationMethodFactory.java
491,src/org/jruby/internal/runtime/methods/DynamicMethod.java
492,src/org/jruby/internal/runtime/methods/DynamicMethodFactory.java
493,src/org/jruby/internal/runtime/methods/Framing.java
494,src/org/jruby/internal/runtime/methods/FullFunctionCallbackMethod.java
495,src/org/jruby/internal/runtime/methods/InterpretedMethod.java
496,src/org/jruby/internal/runtime/methods/InvocationMethodFactory.java
497,src/org/jruby/internal/runtime/methods/JavaMethod.java
498,src/org/jruby/internal/runtime/methods/JittedMethod.java
499,src/org/jruby/internal/runtime/methods/MethodArgs.java
500,src/org/jruby/internal/runtime/methods/MethodMethod.java
501,src/org/jruby/internal/runtime/methods/ProcMethod.java
502,src/org/jruby/internal/runtime/methods/ReflectedCompiledMethod.java
503,src/org/jruby/internal/runtime/methods/ReflectedJavaMethod.java
504,src/org/jruby/internal/runtime/methods/ReflectedJavaMultiMethod.java
505,src/org/jruby/internal/runtime/methods/ReflectionMethodFactory.java
506,src/org/jruby/internal/runtime/methods/Scoping.java
507,src/org/jruby/internal/runtime/methods/SimpleCallbackMethod.java
508,src/org/jruby/internal/runtime/methods/TraceableInterpretedMethod.java
509,src/org/jruby/internal/runtime/methods/UndefinedMethod.java
510,src/org/jruby/internal/runtime/methods/WrapperMethod.java
511,src/org/jruby/internal/runtime/NativeThread.java
512,src/org/jruby/internal/runtime/ReadonlyAccessor.java
513,src/org/jruby/internal/runtime/RubyRunnable.java
514,src/org/jruby/internal/runtime/ThreadLike.java
515,src/org/jruby/internal/runtime/ThreadService.java
516,src/org/jruby/internal/runtime/UndefinedAccessor.java
517,src/org/jruby/internal/runtime/ValueAccessor.java
518,src/org/jruby/java/addons/ArrayJavaAddons.java
519,src/org/jruby/java/addons/IOJavaAddons.java
520,src/org/jruby/java/addons/KernelJavaAddons.java
521,src/org/jruby/java/addons/StringJavaAddons.java
522,src/org/jruby/java/dispatch/CallableSelector.java
523,src/org/jruby/java/invokers/ConstructorInvoker.java
524,src/org/jruby/java/invokers/FieldMethodOne.java
525,src/org/jruby/java/invokers/FieldMethodZero.java
526,src/org/jruby/java/invokers/InstanceFieldGetter.java
527,src/org/jruby/java/invokers/InstanceFieldSetter.java
528,src/org/jruby/java/invokers/InstanceMethodInvoker.java
529,src/org/jruby/java/invokers/MethodInvoker.java
530,src/org/jruby/java/invokers/RubyToJavaInvoker.java
531,src/org/jruby/java/invokers/StaticFieldGetter.java
532,src/org/jruby/java/invokers/StaticFieldSetter.java
533,src/org/jruby/java/invokers/StaticMethodInvoker.java
534,src/org/jruby/java/MiniJava.java
535,src/org/jruby/java/proxies/ArrayJavaProxy.java
536,src/org/jruby/java/proxies/ConcreteJavaProxy.java
537,src/org/jruby/java/proxies/InterfaceJavaProxy.java
538,src/org/jruby/java/proxies/JavaInterfaceTemplate.java
539,src/org/jruby/java/proxies/JavaProxy.java
540,src/org/jruby/javasupport/bsf/BSFExample.java
541,src/org/jruby/javasupport/bsf/JRubyEngine.java
542,src/org/jruby/javasupport/Java.java
543,src/org/jruby/javasupport/JavaAccessibleObject.java
544,src/org/jruby/javasupport/JavaArray.java
545,src/org/jruby/javasupport/JavaArrayUtilities.java
546,src/org/jruby/javasupport/JavaCallable.java
547,src/org/jruby/javasupport/JavaClass.java
548,src/org/jruby/javasupport/JavaConstructor.java
549,src/org/jruby/javasupport/JavaEmbedUtils.java
550,src/org/jruby/javasupport/JavaField.java
551,src/org/jruby/javasupport/JavaMethod.java
552,src/org/jruby/javasupport/JavaObject.java
553,src/org/jruby/javasupport/JavaProxyMethods.java
554,src/org/jruby/javasupport/JavaSupport.java
555,src/org/jruby/javasupport/JavaUtil.java
556,src/org/jruby/javasupport/JavaUtilities.java
557,src/org/jruby/javasupport/ParameterTypes.java
558,src/org/jruby/javasupport/proxy/InternalJavaProxy.java
559,src/org/jruby/javasupport/proxy/InternalJavaProxyHelper.java
560,src/org/jruby/javasupport/proxy/JavaProxyClass.java
561,src/org/jruby/javasupport/proxy/JavaProxyClassFactory.java
562,src/org/jruby/javasupport/proxy/JavaProxyConstructor.java
563,src/org/jruby/javasupport/proxy/JavaProxyInvocationHandler.java
564,src/org/jruby/javasupport/proxy/JavaProxyMethod.java
565,src/org/jruby/javasupport/proxy/JavaProxyReflectionObject.java
566,src/org/jruby/javasupport/util/ObjectProxyCache.java
567,src/org/jruby/javasupport/util/RuntimeHelpers.java
568,src/org/jruby/JRubyApplet.java
569,src/org/jruby/JRubyClient.java
570,src/org/jruby/JRubyServer.java
571,src/org/jruby/JRubyService.java
572,src/org/jruby/lexer/yacc/ByteListLexerSource.java
573,src/org/jruby/lexer/yacc/CapturingByteListLexerSource.java
574,src/org/jruby/lexer/yacc/HeredocTerm.java
575,src/org/jruby/lexer/yacc/InputStreamLexerSource.java
576,src/org/jruby/lexer/yacc/ISourcePosition.java
577,src/org/jruby/lexer/yacc/ISourcePositionHolder.java
578,src/org/jruby/lexer/yacc/LexerSource.java
579,src/org/jruby/lexer/yacc/RubyYaccLexer.java
580,src/org/jruby/lexer/yacc/SimplePositionFactory.java
581,src/org/jruby/lexer/yacc/SimpleSourcePosition.java
582,src/org/jruby/lexer/yacc/StackState.java
583,src/org/jruby/lexer/yacc/StringTerm.java
584,src/org/jruby/lexer/yacc/StrTerm.java
585,src/org/jruby/lexer/yacc/SyntaxException.java
586,src/org/jruby/lexer/yacc/Token.java
587,src/org/jruby/libraries/BigDecimalLibrary.java
588,src/org/jruby/libraries/DigestLibrary.java
589,src/org/jruby/libraries/EnumeratorLibrary.java
590,src/org/jruby/libraries/EtcLibrary.java
591,src/org/jruby/libraries/FcntlLibrary.java
592,src/org/jruby/libraries/FiberLibrary.java
593,src/org/jruby/libraries/IConvLibrary.java
594,src/org/jruby/libraries/IOWaitLibrary.java
595,src/org/jruby/libraries/JRubySerializationLibrary.java
596,src/org/jruby/libraries/NetProtocolBufferedIOLibrary.java
597,src/org/jruby/libraries/NKFLibrary.java
598,src/org/jruby/libraries/RbConfigLibrary.java
599,src/org/jruby/libraries/StringIOLibrary.java
600,src/org/jruby/libraries/StringScannerLibrary.java
601,src/org/jruby/libraries/TempfileLibrary.java
602,src/org/jruby/libraries/ThreadLibrary.java
603,src/org/jruby/Main.java
604,src/org/jruby/management/BeanManager.java
605,src/org/jruby/management/BeanManagerFactory.java
606,src/org/jruby/management/BeanManagerImpl.java
607,src/org/jruby/management/ClassCache.java
608,src/org/jruby/management/ClassCacheMBean.java
609,src/org/jruby/management/Config.java
610,src/org/jruby/management/ConfigMBean.java
611,src/org/jruby/management/MethodCacheMBean.java
612,src/org/jruby/management/ParserStats.java
613,src/org/jruby/management/ParserStatsMBean.java
614,src/org/jruby/MetaClass.java
615,src/org/jruby/NativeException.java
616,src/org/jruby/parser/BlockStaticScope.java
617,src/org/jruby/parser/DefaultRubyParser.java
618,src/org/jruby/parser/EvalStaticScope.java
619,src/org/jruby/parser/LocalStaticScope.java
620,src/org/jruby/parser/Parser.java
621,src/org/jruby/parser/ParserConfiguration.java
622,src/org/jruby/parser/ParserSupport.java
623,src/org/jruby/parser/ParserSupport19.java
624,src/org/jruby/parser/ReOptions.java
625,src/org/jruby/parser/Ruby19Parser.java
626,src/org/jruby/parser/Ruby19YyTables.java
627,src/org/jruby/parser/RubyParser.java
628,src/org/jruby/parser/RubyParserPool.java
629,src/org/jruby/parser/RubyParserResult.java
630,src/org/jruby/parser/StaticScope.java
631,src/org/jruby/parser/Tokens.java
632,src/org/jruby/parser/YyTables.java
633,src/org/jruby/platform/Platform.java
634,src/org/jruby/Profile.java
635,src/org/jruby/Ruby.java
636,src/org/jruby/RubyArgsFile.java
637,src/org/jruby/RubyArray.java
638,src/org/jruby/RubyBasicObject.java
639,src/org/jruby/RubyBigDecimal.java
640,src/org/jruby/RubyBignum.java
641,src/org/jruby/RubyBinding.java
642,src/org/jruby/RubyBoolean.java
643,src/org/jruby/RubyClass.java
644,src/org/jruby/RubyClassPathVariable.java
645,src/org/jruby/RubyComparable.java
646,src/org/jruby/RubyComplex.java
647,src/org/jruby/RubyContinuation.java
648,src/org/jruby/RubyConverter.java
649,src/org/jruby/RubyDigest.java
650,src/org/jruby/RubyDir.java
651,src/org/jruby/RubyEncoding.java
652,src/org/jruby/RubyEnumerable.java
653,src/org/jruby/RubyEnumerator.java
654,src/org/jruby/RubyEtc.java
655,src/org/jruby/RubyException.java
656,src/org/jruby/RubyFile.java
657,src/org/jruby/RubyFileStat.java
658,src/org/jruby/RubyFileTest.java
659,src/org/jruby/RubyFixnum.java
660,src/org/jruby/RubyFloat.java
661,src/org/jruby/RubyGC.java
662,src/org/jruby/RubyGlobal.java
663,src/org/jruby/RubyHash.java
664,src/org/jruby/RubyIconv.java
665,src/org/jruby/RubyInstanceConfig.java
666,src/org/jruby/RubyInteger.java
667,src/org/jruby/RubyIO.java
668,src/org/jruby/RubyJRuby.java
669,src/org/jruby/RubyKernel.java
670,src/org/jruby/RubyLocalJumpError.java
671,src/org/jruby/RubyMarshal.java
672,src/org/jruby/RubyMatchData.java
673,src/org/jruby/RubyMath.java
674,src/org/jruby/RubyMethod.java
675,src/org/jruby/RubyModule.java
676,src/org/jruby/RubyNameError.java
677,src/org/jruby/RubyNil.java
678,src/org/jruby/RubyNKF.java
679,src/org/jruby/RubyNoMethodError.java
680,src/org/jruby/RubyNumeric.java
681,src/org/jruby/RubyObject.java
682,src/org/jruby/RubyObjectAdapter.java
683,src/org/jruby/RubyObjectSpace.java
684,src/org/jruby/RubyPrecision.java
685,src/org/jruby/RubyProc.java
686,src/org/jruby/RubyProcess.java
687,src/org/jruby/RubyRange.java
688,src/org/jruby/RubyRational.java
689,src/org/jruby/RubyRegexp.java
690,src/org/jruby/RubyRuntimeAdapter.java
691,src/org/jruby/RubySignal.java
692,src/org/jruby/RubyString.java
693,src/org/jruby/RubyStringIO.java
694,src/org/jruby/RubyStringScanner.java
695,src/org/jruby/RubyStruct.java
696,src/org/jruby/RubySymbol.java
697,src/org/jruby/RubySystemCallError.java
698,src/org/jruby/RubySystemExit.java
699,src/org/jruby/RubyTempfile.java
700,src/org/jruby/RubyThread.java
701,src/org/jruby/RubyThreadGroup.java
702,src/org/jruby/RubyTime.java
703,src/org/jruby/RubyUnboundMethod.java
704,src/org/jruby/RubyYielder.java
705,src/org/jruby/RubyZlib.java
706,src/org/jruby/runtime/Arity.java
707,src/org/jruby/runtime/assigner/Assigner.java
708,src/org/jruby/runtime/assigner/Pre0Rest0Post0Assigner.java
709,src/org/jruby/runtime/assigner/Pre0Rest1Post0Assigner.java
710,src/org/jruby/runtime/assigner/Pre1ExpandedRest0Post0Assigner.java
711,src/org/jruby/runtime/assigner/Pre1Rest0Post0Assigner.java
712,src/org/jruby/runtime/assigner/Pre1Rest1Post0Assigner.java
713,src/org/jruby/runtime/assigner/Pre2Rest0Post0Assigner.java
714,src/org/jruby/runtime/assigner/Pre2Rest1Post0Assigner.java
715,src/org/jruby/runtime/assigner/Pre3Rest0Post0Assigner.java
716,src/org/jruby/runtime/assigner/Pre3Rest1Post0Assigner.java
717,src/org/jruby/runtime/assigner/PreManyRest0Post0Assigner.java
718,src/org/jruby/runtime/assigner/PreManyRest1Post0Assigner.java
719,src/org/jruby/runtime/Binding.java
720,src/org/jruby/runtime/Block.java
721,src/org/jruby/runtime/BlockBody.java
722,src/org/jruby/runtime/BlockCallback.java
723,src/org/jruby/runtime/builtin/InstanceVariables.java
724,src/org/jruby/runtime/builtin/InstanceVariableTable.java
725,src/org/jruby/runtime/builtin/InternalVariables.java
726,src/org/jruby/runtime/builtin/IRubyObject.java
727,src/org/jruby/runtime/builtin/Variable.java
728,src/org/jruby/runtime/callback/Callback.java
729,src/org/jruby/runtime/callback/DumpingInvocationCallbackFactory.java
730,src/org/jruby/runtime/callback/FastInvocationCallback.java
731,src/org/jruby/runtime/callback/InvocationCallback.java
732,src/org/jruby/runtime/callback/InvocationCallbackFactory.java
733,src/org/jruby/runtime/callback/ReflectionCallback.java
734,src/org/jruby/runtime/callback/ReflectionCallbackFactory.java
735,src/org/jruby/runtime/CallbackFactory.java
736,src/org/jruby/runtime/CallBlock.java
737,src/org/jruby/runtime/CallSite.java
738,src/org/jruby/runtime/callsite/ArefCallSite.java
739,src/org/jruby/runtime/callsite/CacheEntry.java
740,src/org/jruby/runtime/callsite/CachingCallSite.java
741,src/org/jruby/runtime/callsite/ConstantSite.java
742,src/org/jruby/runtime/callsite/DivCallSite.java
743,src/org/jruby/runtime/callsite/FunctionalCachingCallSite.java
744,src/org/jruby/runtime/callsite/GeCallSite.java
745,src/org/jruby/runtime/callsite/NormalCachingCallSite.java
746,src/org/jruby/runtime/callsite/RespondToCallSite.java
747,src/org/jruby/runtime/callsite/SuperCallSite.java
748,src/org/jruby/runtime/CallType.java
749,src/org/jruby/runtime/ClassIndex.java
750,src/org/jruby/runtime/CompiledBlock.java
751,src/org/jruby/runtime/CompiledBlock19.java
752,src/org/jruby/runtime/CompiledBlockCallback.java
753,src/org/jruby/runtime/CompiledBlockCallback19.java
754,src/org/jruby/runtime/CompiledBlockLight.java
755,src/org/jruby/runtime/CompiledBlockLight19.java
756,src/org/jruby/runtime/CompiledSharedScopeBlock.java
757,src/org/jruby/runtime/component/VariableEntry.java
758,src/org/jruby/runtime/Constants.java
759,src/org/jruby/runtime/DynamicScope.java
760,src/org/jruby/runtime/encoding/EncodingCapable.java
761,src/org/jruby/runtime/encoding/EncodingService.java
762,src/org/jruby/runtime/EventHook.java
763,src/org/jruby/runtime/ExecutionContext.java
764,src/org/jruby/runtime/Frame.java
765,src/org/jruby/runtime/GlobalVariable.java
766,src/org/jruby/runtime/IAccessor.java
767,src/org/jruby/runtime/Interpreted19Block.java
768,src/org/jruby/runtime/InterpretedBlock.java
769,src/org/jruby/runtime/invokedynamic/InvokeDynamicSupport.java
770,src/org/jruby/runtime/load/BasicLibraryService.java
771,src/org/jruby/runtime/load/ClassExtensionLibrary.java
772,src/org/jruby/runtime/load/CompiledScriptLoader.java
773,src/org/jruby/runtime/load/ExternalScript.java
774,src/org/jruby/runtime/load/IAutoloadMethod.java
775,src/org/jruby/runtime/load/JarredScript.java
776,src/org/jruby/runtime/load/JavaCompiledScript.java
777,src/org/jruby/runtime/load/Library.java
778,src/org/jruby/runtime/load/LoadService.java
779,src/org/jruby/runtime/load/LoadServiceResource.java
780,src/org/jruby/runtime/marshal/CoreObjectType.java
781,src/org/jruby/runtime/marshal/DataType.java
782,src/org/jruby/runtime/marshal/MarshalCache.java
783,src/org/jruby/runtime/marshal/MarshalStream.java
784,src/org/jruby/runtime/marshal/UnmarshalCache.java
785,src/org/jruby/runtime/marshal/UnmarshalStream.java
786,src/org/jruby/runtime/MethodBlock.java
787,src/org/jruby/runtime/MethodFactory.java
788,src/org/jruby/runtime/MethodIndex.java
789,src/org/jruby/runtime/NullBlockBody.java
790,src/org/jruby/runtime/ObjectAllocator.java
791,src/org/jruby/runtime/ObjectMarshal.java
792,src/org/jruby/runtime/ObjectSpace.java
793,src/org/jruby/runtime/ReadonlyGlobalVariable.java
794,src/org/jruby/runtime/RubyEvent.java
795,src/org/jruby/runtime/scope/DummyDynamicScope.java
796,src/org/jruby/runtime/scope/FourVarDynamicScope.java
797,src/org/jruby/runtime/scope/ManyVarsDynamicScope.java
798,src/org/jruby/runtime/scope/NoVarsDynamicScope.java
799,src/org/jruby/runtime/scope/OneVarDynamicScope.java
800,src/org/jruby/runtime/scope/ThreeVarDynamicScope.java
801,src/org/jruby/runtime/scope/TwoVarDynamicScope.java
802,src/org/jruby/runtime/SharedScopeBlock.java
803,src/org/jruby/runtime/ThreadContext.java
804,src/org/jruby/runtime/Visibility.java
805,src/org/jruby/threading/DaemonThreadFactory.java
806,src/org/jruby/TopSelfFactory.java
807,src/org/jruby/util/Adler32Ext.java
808,src/org/jruby/util/BuiltinScript.java
809,src/org/jruby/util/ClassCache.java
810,src/org/jruby/util/ClassProvider.java
811,src/org/jruby/util/CodegenUtils.java
812,src/org/jruby/util/collections/IntHashMap.java
813,src/org/jruby/util/collections/WeakHashSet.java
814,src/org/jruby/util/Convert.java
815,src/org/jruby/util/Convert2.java
816,src/org/jruby/util/CRC32Ext.java
817,src/org/jruby/util/Dir.java
818,src/org/jruby/util/GenericMap.java
819,src/org/jruby/util/IdUtil.java
820,src/org/jruby/util/io/BadDescriptorException.java
821,src/org/jruby/util/io/BlockingIO.java
822,src/org/jruby/util/io/ChannelDescriptor.java
823,src/org/jruby/util/io/ChannelStream.java
824,src/org/jruby/util/io/DirectoryAsFileException.java
825,src/org/jruby/util/io/FileExistsException.java
826,src/org/jruby/util/io/InvalidValueException.java
827,src/org/jruby/util/io/JRubyObjectInputStream.java
828,src/org/jruby/util/io/ModeFlags.java
829,src/org/jruby/util/io/NullChannel.java
830,src/org/jruby/util/io/OpenFile.java
831,src/org/jruby/util/io/STDIO.java
832,src/org/jruby/util/io/Stream.java
833,src/org/jruby/util/IOChannel.java
834,src/org/jruby/util/IOInputStream.java
835,src/org/jruby/util/IOOutputStream.java
836,src/org/jruby/util/JavaNameMangler.java
837,src/org/jruby/util/Join.java
838,src/org/jruby/util/JRubyClassLoader.java
839,src/org/jruby/util/JRubyFile.java
840,src/org/jruby/util/JRubyNonExistentFile.java
841,src/org/jruby/util/KCode.java
842,src/org/jruby/util/NailMain.java
843,src/org/jruby/util/NoFunctionalitySignalFacade.java
844,src/org/jruby/util/NormalizedFile.java
845,src/org/jruby/util/Numeric.java
846,src/org/jruby/util/Pack.java
847,src/org/jruby/util/Qsort.java
848,src/org/jruby/util/Random.java
849,src/org/jruby/util/RecursiveComparator.java
850,src/org/jruby/util/ReferenceReaper.java
851,src/org/jruby/util/RubyDateFormat.java
852,src/org/jruby/util/SafePropertyAccessor.java
853,src/org/jruby/util/ShellLauncher.java
854,src/org/jruby/util/SignalFacade.java
855,src/org/jruby/util/SimpleSampler.java
856,src/org/jruby/util/Sprintf.java
857,src/org/jruby/util/string/JavaCrypt.java
858,src/org/jruby/util/StringSupport.java
859,src/org/jruby/util/SunSignalFacade.java
860,src/org/jruby/util/TimeOutputFormatter.java
861,src/org/jruby/util/TypeCoercer.java
862,src/org/jruby/util/TypeConverter.java
863,src/org/jruby/util/unsafe/SunUnsafeWrapper.java
864,src/org/jruby/util/unsafe/Unsafe.java
865,src/org/jruby/util/unsafe/UnsafeFactory.java
866,src/org/jruby/util/unsafe/UnsafeGenerator.java
867,src/org/jruby/util/WeakIdentityHashMap.java
868,src/org/jruby/util/ZlibDeflate.java
869,test/DefaultPackageClass.java
870,test/org/jruby/bench/BenchFixnumCreation.java
871,test/org/jruby/ext/posix/JavaFileStatTest.java
872,test/org/jruby/javasupport/test/Color.java
873,test/org/jruby/javasupport/test/ConstantHolder.java
874,test/org/jruby/javasupport/test/ConsumeInterfaces.java
875,test/org/jruby/javasupport/test/DateHolder.java
876,test/org/jruby/javasupport/test/Interface1.java
877,test/org/jruby/javasupport/test/JavaSupportTestSuite.java
878,test/org/jruby/javasupport/test/NullToString.java
879,test/org/jruby/javasupport/test/OuterClass.java
880,test/org/jruby/javasupport/test/Room.java
881,test/org/jruby/javasupport/test/RubyTestCase.java
882,test/org/jruby/javasupport/test/RubyTestObject.java
883,test/org/jruby/javasupport/test/SimpleExecutor.java
884,test/org/jruby/javasupport/test/SimpleInterface.java
885,test/org/jruby/javasupport/test/TestBSF.java
886,test/org/jruby/javasupport/test/TestIntWrapper.java
887,test/org/jruby/javasupport/test/TestIntWrapperImpl.java
888,test/org/jruby/javasupport/test/TestNativeException.java
889,test/org/jruby/javasupport/TestJava.java
890,test/org/jruby/javasupport/TestJavaClass.java
891,test/org/jruby/javasupport/TypeMatcher.java
892,test/org/jruby/runtime/EventHookTest.java
893,test/org/jruby/test/Abstract.java
894,test/org/jruby/test/AlphaSingleton.java
895,test/org/jruby/test/BasicLibraryTestService.java
896,test/org/jruby/test/bench/BenchFixnumFibRecursive.java
897,test/org/jruby/test/bench/BenchIntFibRecursive.java
898,test/org/jruby/test/BFTSTestSuite.java
899,test/org/jruby/test/ClassWithPrimitive.java
900,test/org/jruby/test/FailingTest.java
901,test/org/jruby/test/FinalMethodBaseTest.java
902,test/org/jruby/test/JRUBY_2480_A.java
903,test/org/jruby/test/JRUBY_2480_B.java
904,test/org/jruby/test/MainTestSuite.java
905,test/org/jruby/test/MockException.java
906,test/org/jruby/test/MockJavaSupport.java
907,test/org/jruby/test/MockObjectSpace.java
908,test/org/jruby/test/MockRubyObject.java
909,test/org/jruby/test/NormalJavaClass.java
910,test/org/jruby/test/Overloaded.java
911,test/org/jruby/test/OverloadedTest.java
912,test/org/jruby/test/Parent.java
913,test/org/jruby/test/Ruby1_9TestSuite.java
914,test/org/jruby/test/Runner.java
915,test/org/jruby/test/ScriptTestSuite.java
916,test/org/jruby/test/smallLetterClass.java
917,test/org/jruby/test/TestAdoptedThreading.java
918,test/org/jruby/test/TestArrayFlatten.java
919,test/org/jruby/test/TestCodeCache.java
920,test/org/jruby/test/TestCommandlineParser.java
921,test/org/jruby/test/TestHelper.java
922,test/org/jruby/test/TestJavaReentrantExceptions.java
923,test/org/jruby/test/TestJavaUtil.java
924,test/org/jruby/test/TestKernel.java
925,test/org/jruby/test/TestLoadService.java
926,test/org/jruby/test/TestMethodFactories.java
927,test/org/jruby/test/TestObjectSpace.java
928,test/org/jruby/test/TestParser.java
929,test/org/jruby/test/TestRaiseException.java
930,test/org/jruby/test/TestRbConfigLibrary.java
931,test/org/jruby/test/TestRequire.java
932,test/org/jruby/test/TestRuby.java
933,test/org/jruby/test/TestRubyArray.java
934,test/org/jruby/test/TestRubyBase.java
935,test/org/jruby/test/TestRubyBigDecimal.java
936,test/org/jruby/test/TestRubyClass.java
937,test/org/jruby/test/TestRubyCollect.java
938,test/org/jruby/test/TestRubyException.java
939,test/org/jruby/test/TestRubyHash.java
940,test/org/jruby/test/TestRubyInstanceConfig.java
941,test/org/jruby/test/TestRubyNil.java
942,test/org/jruby/test/TestRubyObject.java
943,test/org/jruby/test/TestRubySymbol.java
944,test/org/jruby/test/TestUnitTestSuite.java
945,test/org/jruby/test/Worker.java
946,test/org/jruby/util/JRubyThreadContextTest.java
947,test/org/jruby/util/PlatformTest.java
948,test/org/jruby/util/Pwd.java
949,test/org/jruby/util/ShellLauncherTest.java
950,test/org/jruby/util/TimeOutputFormatterTest.java
951,tool/nailgun/src/c/ng.c
952,bench/BenchParser.java
953,spec/java_integration/fixtures/ClassWithVarargs.java
954,spec/java_integration/fixtures/InnerClasses.java
955,src/org/jruby/ast/executable/RuntimeCache.java
956,src/org/jruby/ast/java_signature/MethodSignatureNode.java
957,src/org/jruby/ast/java_signature/ParameterNode.java
958,src/org/jruby/ast/java_signature/PrimitiveTypeNode.java
959,src/org/jruby/ast/java_signature/ReferenceTypeNode.java
960,src/org/jruby/ast/java_signature/SignatureNode.java
961,src/org/jruby/ast/java_signature/TypeNode.java
962,src/org/jruby/BasicObjectStub.java
963,src/org/jruby/compiler/ir/compiler_pass/AddFrameInstructions.java
964,src/org/jruby/compiler/ir/dataflow/analyses/FrameLoadPlacementNode.java
965,src/org/jruby/compiler/ir/dataflow/analyses/FrameLoadPlacementProblem.java
966,src/org/jruby/compiler/ir/dataflow/analyses/FrameStorePlacementNode.java
967,src/org/jruby/compiler/ir/dataflow/analyses/FrameStorePlacementProblem.java
968,src/org/jruby/compiler/ir/instructions/ALLOC_FRAME_Instr.java
969,src/org/jruby/compiler/ir/instructions/CallInstruction.java
970,src/org/jruby/compiler/ir/instructions/FilenameInstruction.java
971,src/org/jruby/compiler/ir/instructions/LOAD_FROM_FRAME_Instr.java
972,src/org/jruby/compiler/ir/instructions/ReceiveArgumentInstruction.java
973,src/org/jruby/compiler/ir/instructions/RECV_EXCEPTION_Instr.java
974,src/org/jruby/compiler/ir/instructions/RESCUED_BODY_END_MARKER_Instr.java
975,src/org/jruby/compiler/ir/instructions/RESCUED_BODY_START_MARKER_Instr.java
976,src/org/jruby/compiler/ir/instructions/STORE_TO_FRAME_Instr.java
977,src/org/jruby/compiler/ir/IR_ExecutionScope.java
978,src/org/jruby/compiler/ir/operands/BreakResult.java
979,src/org/jruby/compiler/ir/operands/LocalVariable.java
980,src/org/jruby/compiler/ir/operands/SelfVariable.java
981,src/org/jruby/compiler/ir/operands/TemporaryVariable.java
982,src/org/jruby/compiler/util/BasicObjectStubGenerator.java
983,src/org/jruby/embed/AttributeName.java
984,src/org/jruby/embed/bsf/JRubyEngine.java
985,src/org/jruby/embed/EmbedEvalUnit.java
986,src/org/jruby/embed/EmbedRubyInstanceConfigAdapter.java
987,src/org/jruby/embed/EmbedRubyInterfaceAdapter.java
988,src/org/jruby/embed/EmbedRubyObjectAdapter.java
989,src/org/jruby/embed/EmbedRubyRuntimeAdapter.java
990,src/org/jruby/embed/EvalFailedException.java
991,src/org/jruby/embed/internal/AbstractLocalContextProvider.java
992,src/org/jruby/embed/internal/BiVariableMap.java
993,src/org/jruby/embed/internal/CallMethodType.java
994,src/org/jruby/embed/internal/EmbedEvalUnitImpl.java
995,src/org/jruby/embed/internal/EmbedRubyInterfaceAdapterImpl.java
996,src/org/jruby/embed/internal/EmbedRubyObjectAdapterImpl.java
997,src/org/jruby/embed/internal/EmbedRubyRuntimeAdapterImpl.java
998,src/org/jruby/embed/internal/LocalContextProvider.java
999,src/org/jruby/embed/internal/SingletonLocalContextProvider.java
1000,src/org/jruby/embed/internal/ThreadSafeLocalContextProvider.java
1001,src/org/jruby/embed/io/ReaderInputStream.java
1002,src/org/jruby/embed/io/WriterOutputStream.java
1003,src/org/jruby/embed/jsr223/JRubyBindings.java
1004,src/org/jruby/embed/jsr223/JRubyCompiledScript.java
1005,src/org/jruby/embed/jsr223/JRubyContext.java
1006,src/org/jruby/embed/jsr223/JRubyEngine.java
1007,src/org/jruby/embed/jsr223/JRubyEngineFactory.java
1008,src/org/jruby/embed/jsr223/JRubyScriptEngineManager.java
1009,src/org/jruby/embed/jsr223/ServiceFinder.java
1010,src/org/jruby/embed/jsr223/Utils.java
1011,src/org/jruby/embed/LocalContextScope.java
1012,src/org/jruby/embed/LocalVariableBehavior.java
1013,src/org/jruby/embed/ParseFailedException.java
1014,src/org/jruby/embed/PathType.java
1015,src/org/jruby/embed/PropertyName.java
1016,src/org/jruby/embed/ScriptingContainer.java
1017,src/org/jruby/embed/util/PropertyReader.java
1018,src/org/jruby/embed/util/SystemPropertyCatcher.java
1019,src/org/jruby/embed/variable/AbstractVariable.java
1020,src/org/jruby/embed/variable/BiVariable.java
1021,src/org/jruby/embed/variable/ClassVariable.java
1022,src/org/jruby/embed/variable/Constant.java
1023,src/org/jruby/embed/variable/GlobalVariable.java
1024,src/org/jruby/embed/variable/InstanceVariable.java
1025,src/org/jruby/embed/variable/LocalGlobalVariable.java
1026,src/org/jruby/embed/variable/PersistentLocalVariable.java
1027,src/org/jruby/embed/variable/TransientLocalVariable.java
1028,src/org/jruby/embed/variable/VariableInterceptor.java
1029,src/org/jruby/exceptions/Unrescuable.java
1030,src/org/jruby/ext/DelegateLibrary.java
1031,src/org/jruby/ext/mathn/Complex.java
1032,src/org/jruby/internal/runtime/methods/TraceableJittedMethod.java
1033,src/org/jruby/interpreter/Interpreter.java
1034,src/org/jruby/java/codegen/RealClassGenerator.java
1035,src/org/jruby/lexer/JavaSignatureLexer.java
1036,src/org/jruby/lexer/yacc/ByteArrayLexerSource.java
1037,src/org/jruby/parser/JavaSignatureParser.java
1038,src/org/jruby/RubyRandom.java
1039,src/org/jruby/runtime/assigner/Pre0Rest1Post0BlockAssigner.java
1040,src/org/jruby/runtime/assigner/Pre1ExpandedRest0Post0BlockAssigner.java
1041,src/org/jruby/runtime/assigner/Pre1Rest0Post0BlockAssigner.java
1042,src/org/jruby/runtime/assigner/Pre1Rest1Post0BlockAssigner.java
1043,src/org/jruby/runtime/assigner/Pre2Rest0Post0BlockAssigner.java
1044,src/org/jruby/runtime/assigner/Pre2Rest1Post0BlockAssigner.java
1045,src/org/jruby/runtime/assigner/Pre3Rest0Post0BlockAssigner.java
1046,src/org/jruby/runtime/assigner/Pre3Rest1Post0BlockAssigner.java
1047,src/org/jruby/runtime/assigner/PreManyRest0Post0BlockAssigner.java
1048,src/org/jruby/runtime/assigner/PreManyRest1Post0BlockAssigner.java
1049,src/org/jruby/runtime/load/LoadService19.java
1050,src/org/jruby/util/CompoundJarURLStreamHandler.java
1051,src/org/jruby/util/ConvertBytes.java
1052,src/org/jruby/util/ConvertDouble.java
1053,src/org/jruby/util/io/CRLFStreamWrapper.java
1054,src/org/jruby/util/io/PermissionDeniedException.java
1055,test/org/jruby/embed/bsf/JRubyEngineTest.java
1056,test/org/jruby/embed/jsr223/JRubyBindingsTest.java
1057,test/org/jruby/embed/jsr223/JRubyCompiledScriptTest.java
1058,test/org/jruby/embed/jsr223/JRubyContextTest.java
1059,test/org/jruby/embed/jsr223/JRubyEngineFactoryTest.java
1060,test/org/jruby/embed/jsr223/JRubyEngineTest.java
1061,test/org/jruby/embed/MultipleScriptsRunner.java
1062,test/org/jruby/embed/PositionFunction.java
1063,test/org/jruby/embed/RadioActiveDecay.java
1064,test/org/jruby/embed/ReaderInputStreamTest.java
1065,test/org/jruby/embed/ScriptingContainerTest.java
1066,test/org/jruby/lexer/yacc/ByteArrayLexerSourceTest.java
