0,bench/BenchParser.java
1,maven/jruby-rake-plugin/src/main/java/org/jruby/maven/AbstractJRubyMojo.java
2,maven/jruby-rake-plugin/src/main/java/org/jruby/maven/GemMojo.java
3,maven/jruby-rake-plugin/src/main/java/org/jruby/maven/InstallGemsMojo.java
4,maven/jruby-rake-plugin/src/main/java/org/jruby/maven/IRBMojo.java
5,maven/jruby-rake-plugin/src/main/java/org/jruby/maven/JRubyMojo.java
6,maven/jruby-rake-plugin/src/main/java/org/jruby/maven/RakeMojo.java
7,samples/ext/mytest.c
8,samples/jrubyc_java/MyObjectTest.java
9,samples/jrubyc_java/MyObjectTest2.java
10,spec/java_integration/fixtures/_funky/MyClass.java
11,spec/java_integration/fixtures/AnotherRunnable.java
12,spec/java_integration/fixtures/ArrayReceiver.java
13,spec/java_integration/fixtures/ArrayReturningInterface.java
14,spec/java_integration/fixtures/ArrayReturningInterfaceConsumer.java
15,spec/java_integration/fixtures/BeanLikeInterface.java
16,spec/java_integration/fixtures/BeanLikeInterfaceHandler.java
17,spec/java_integration/fixtures/BooleanReturningInterface.java
18,spec/java_integration/fixtures/BooleanReturningInterfaceConsumer.java
19,spec/java_integration/fixtures/ClassWithEnums.java
20,spec/java_integration/fixtures/ClassWithMultipleSignaturesWithPrimitiveArgs.java
21,spec/java_integration/fixtures/ClassWithVarargs.java
22,spec/java_integration/fixtures/CoerceToInterface.java
23,spec/java_integration/fixtures/ComplexPrivateConstructor.java
24,spec/java_integration/fixtures/ConcreteWithVirtualCall.java
25,spec/java_integration/fixtures/ConstantHoldingInterface.java
26,spec/java_integration/fixtures/CoreTypeMethods.java
27,spec/java_integration/fixtures/DescendantOfSingleMethodInterface.java
28,spec/java_integration/fixtures/InnerClasses.java
29,spec/java_integration/fixtures/JavaFields.java
30,spec/java_integration/fixtures/JavaIterable.java
31,spec/java_integration/fixtures/JavaTypeMethods.java
32,spec/java_integration/fixtures/MethodNames.java
33,spec/java_integration/fixtures/PackageConstructor.java
34,spec/java_integration/fixtures/PackageField.java
35,spec/java_integration/fixtures/PackageInstanceMethod.java
36,spec/java_integration/fixtures/PackageStaticMethod.java
37,spec/java_integration/fixtures/PrivateConstructor.java
38,spec/java_integration/fixtures/PrivateField.java
39,spec/java_integration/fixtures/PrivateInstanceMethod.java
40,spec/java_integration/fixtures/PrivateStaticMethod.java
41,spec/java_integration/fixtures/ProtectedConstructor.java
42,spec/java_integration/fixtures/ProtectedInstanceMethod.java
43,spec/java_integration/fixtures/ProtectedStaticMethod.java
44,spec/java_integration/fixtures/PublicConstructor.java
45,spec/java_integration/fixtures/PublicField.java
46,spec/java_integration/fixtures/ReceivesArrayList.java
47,spec/java_integration/fixtures/ReturnsInterface.java
48,spec/java_integration/fixtures/ReturnsInterfaceConsumer.java
49,spec/java_integration/fixtures/SingleMethodInterface.java
50,spec/java_integration/fixtures/StaticMethodSelection.java
51,spec/java_integration/fixtures/ThrowExceptionOnCreate.java
52,spec/java_integration/fixtures/UsesDescendantOfSingleMethodInterface.java
53,spec/java_integration/fixtures/UsesSingleMethodInterface.java
54,spec/java_integration/fixtures/ValueReceivingInterface.java
55,spec/java_integration/fixtures/ValueReceivingInterfaceHandler.java
56,src/org/jruby/anno/AnnotationBinder.java
57,src/org/jruby/anno/Coercion.java
58,src/org/jruby/anno/CoercionType.java
59,src/org/jruby/anno/FrameField.java
60,src/org/jruby/anno/InvokerGenerator.java
61,src/org/jruby/anno/JavaMethodDescriptor.java
62,src/org/jruby/anno/JRubyClass.java
63,src/org/jruby/anno/JRubyConstant.java
64,src/org/jruby/anno/JRubyMethod.java
65,src/org/jruby/anno/JRubyModule.java
66,src/org/jruby/anno/TypePopulator.java
67,src/org/jruby/ant/Rake.java
68,src/org/jruby/ant/RakeImport.java
69,src/org/jruby/ant/RakeTaskBase.java
70,src/org/jruby/ast/AliasNode.java
71,src/org/jruby/ast/AndNode.java
72,src/org/jruby/ast/ArgAuxillaryNode.java
73,src/org/jruby/ast/ArgsCatNode.java
74,src/org/jruby/ast/ArgsNoArgNode.java
75,src/org/jruby/ast/ArgsNode.java
76,src/org/jruby/ast/ArgsPreOneArgNode.java
77,src/org/jruby/ast/ArgsPreTwoArgNode.java
78,src/org/jruby/ast/ArgsPushNode.java
79,src/org/jruby/ast/ArgumentNode.java
80,src/org/jruby/ast/ArrayNode.java
81,src/org/jruby/ast/AssignableNode.java
82,src/org/jruby/ast/AttrAssignNode.java
83,src/org/jruby/ast/AttrAssignOneArgNode.java
84,src/org/jruby/ast/AttrAssignThreeArgNode.java
85,src/org/jruby/ast/AttrAssignTwoArgNode.java
86,src/org/jruby/ast/BackRefNode.java
87,src/org/jruby/ast/BeginNode.java
88,src/org/jruby/ast/BignumNode.java
89,src/org/jruby/ast/BinaryOperatorNode.java
90,src/org/jruby/ast/BlockAcceptingNode.java
91,src/org/jruby/ast/BlockArg18Node.java
92,src/org/jruby/ast/BlockArgNode.java
93,src/org/jruby/ast/BlockNode.java
94,src/org/jruby/ast/BlockPassNode.java
95,src/org/jruby/ast/BreakNode.java
96,src/org/jruby/ast/CallManyArgsBlockNode.java
97,src/org/jruby/ast/CallManyArgsBlockPassNode.java
98,src/org/jruby/ast/CallManyArgsNode.java
99,src/org/jruby/ast/CallNoArgBlockNode.java
100,src/org/jruby/ast/CallNoArgBlockPassNode.java
101,src/org/jruby/ast/CallNoArgNode.java
102,src/org/jruby/ast/CallNode.java
103,src/org/jruby/ast/CallOneArgBlockNode.java
104,src/org/jruby/ast/CallOneArgBlockPassNode.java
105,src/org/jruby/ast/CallOneArgFixnumNode.java
106,src/org/jruby/ast/CallOneArgNode.java
107,src/org/jruby/ast/CallSpecialArgBlockNode.java
108,src/org/jruby/ast/CallSpecialArgBlockPassNode.java
109,src/org/jruby/ast/CallSpecialArgNode.java
110,src/org/jruby/ast/CallThreeArgBlockNode.java
111,src/org/jruby/ast/CallThreeArgBlockPassNode.java
112,src/org/jruby/ast/CallThreeArgNode.java
113,src/org/jruby/ast/CallTwoArgBlockNode.java
114,src/org/jruby/ast/CallTwoArgBlockPassNode.java
115,src/org/jruby/ast/CallTwoArgNode.java
116,src/org/jruby/ast/CaseNode.java
117,src/org/jruby/ast/ClassNode.java
118,src/org/jruby/ast/ClassVarAsgnNode.java
119,src/org/jruby/ast/ClassVarDeclNode.java
120,src/org/jruby/ast/ClassVarNode.java
121,src/org/jruby/ast/Colon2ConstNode.java
122,src/org/jruby/ast/Colon2ImplicitNode.java
123,src/org/jruby/ast/Colon2MethodNode.java
124,src/org/jruby/ast/Colon2Node.java
125,src/org/jruby/ast/Colon3Node.java
126,src/org/jruby/ast/ConstDeclNode.java
127,src/org/jruby/ast/ConstNode.java
128,src/org/jruby/ast/DAsgnNode.java
129,src/org/jruby/ast/DefinedNode.java
130,src/org/jruby/ast/DefnNode.java
131,src/org/jruby/ast/DefsNode.java
132,src/org/jruby/ast/DotNode.java
133,src/org/jruby/ast/DRegexpNode.java
134,src/org/jruby/ast/DStrNode.java
135,src/org/jruby/ast/DSymbolNode.java
136,src/org/jruby/ast/DVarNode.java
137,src/org/jruby/ast/DXStrNode.java
138,src/org/jruby/ast/EncodingNode.java
139,src/org/jruby/ast/EnsureNode.java
140,src/org/jruby/ast/EvStrNode.java
141,src/org/jruby/ast/executable/AbstractScript.java
142,src/org/jruby/ast/executable/RuntimeCache.java
143,src/org/jruby/ast/executable/Script.java
144,src/org/jruby/ast/FalseNode.java
145,src/org/jruby/ast/FCallManyArgsBlockNode.java
146,src/org/jruby/ast/FCallManyArgsBlockPassNode.java
147,src/org/jruby/ast/FCallManyArgsNode.java
148,src/org/jruby/ast/FCallNoArgBlockNode.java
149,src/org/jruby/ast/FCallNoArgBlockPassNode.java
150,src/org/jruby/ast/FCallNoArgNode.java
151,src/org/jruby/ast/FCallNode.java
152,src/org/jruby/ast/FCallOneArgBlockNode.java
153,src/org/jruby/ast/FCallOneArgBlockPassNode.java
154,src/org/jruby/ast/FCallOneArgNode.java
155,src/org/jruby/ast/FCallSpecialArgBlockNode.java
156,src/org/jruby/ast/FCallSpecialArgBlockPassNode.java
157,src/org/jruby/ast/FCallSpecialArgNode.java
158,src/org/jruby/ast/FCallThreeArgBlockNode.java
159,src/org/jruby/ast/FCallThreeArgBlockPassNode.java
160,src/org/jruby/ast/FCallThreeArgNode.java
161,src/org/jruby/ast/FCallTwoArgBlockNode.java
162,src/org/jruby/ast/FCallTwoArgBlockPassNode.java
163,src/org/jruby/ast/FCallTwoArgNode.java
164,src/org/jruby/ast/FileNode.java
165,src/org/jruby/ast/FixnumNode.java
166,src/org/jruby/ast/FlipNode.java
167,src/org/jruby/ast/FloatNode.java
168,src/org/jruby/ast/ForNode.java
169,src/org/jruby/ast/GlobalAsgnNode.java
170,src/org/jruby/ast/GlobalVarNode.java
171,src/org/jruby/ast/Hash19Node.java
172,src/org/jruby/ast/HashNode.java
173,src/org/jruby/ast/IArgumentNode.java
174,src/org/jruby/ast/IfNode.java
175,src/org/jruby/ast/InstAsgnNode.java
176,src/org/jruby/ast/InstVarNode.java
177,src/org/jruby/ast/InvisibleNode.java
178,src/org/jruby/ast/IScopingNode.java
179,src/org/jruby/ast/IterNode.java
180,src/org/jruby/ast/java_signature/ArrayTypeNode.java
181,src/org/jruby/ast/java_signature/ConstructorSignatureNode.java
182,src/org/jruby/ast/java_signature/MethodSignatureNode.java
183,src/org/jruby/ast/java_signature/Modifier.java
184,src/org/jruby/ast/java_signature/ParameterNode.java
185,src/org/jruby/ast/java_signature/PrimitiveTypeNode.java
186,src/org/jruby/ast/java_signature/ReferenceTypeNode.java
187,src/org/jruby/ast/java_signature/SignatureNode.java
188,src/org/jruby/ast/java_signature/TypeNode.java
189,src/org/jruby/ast/LambdaNode.java
190,src/org/jruby/ast/ListNode.java
191,src/org/jruby/ast/LiteralNode.java
192,src/org/jruby/ast/LocalAsgnNode.java
193,src/org/jruby/ast/LocalVarNode.java
194,src/org/jruby/ast/Match2Node.java
195,src/org/jruby/ast/Match3Node.java
196,src/org/jruby/ast/MatchNode.java
197,src/org/jruby/ast/MethodDefNode.java
198,src/org/jruby/ast/ModuleNode.java
199,src/org/jruby/ast/MultipleAsgn19Node.java
200,src/org/jruby/ast/MultipleAsgnNode.java
201,src/org/jruby/ast/NewlineNode.java
202,src/org/jruby/ast/NextNode.java
203,src/org/jruby/ast/NilImplicitNode.java
204,src/org/jruby/ast/NilNode.java
205,src/org/jruby/ast/Node.java
206,src/org/jruby/ast/NodeType.java
207,src/org/jruby/ast/NonLocalControlFlowNode.java
208,src/org/jruby/ast/NotNode.java
209,src/org/jruby/ast/NthRefNode.java
210,src/org/jruby/ast/OpAsgnAndNode.java
211,src/org/jruby/ast/OpAsgnNode.java
212,src/org/jruby/ast/OpAsgnOrNode.java
213,src/org/jruby/ast/OpElementAsgnNode.java
214,src/org/jruby/ast/OpElementOneArgAndAsgnNode.java
215,src/org/jruby/ast/OpElementOneArgAsgnNode.java
216,src/org/jruby/ast/OptArgNode.java
217,src/org/jruby/ast/OrNode.java
218,src/org/jruby/ast/PostExeNode.java
219,src/org/jruby/ast/PreExeNode.java
220,src/org/jruby/ast/RedoNode.java
221,src/org/jruby/ast/RegexpNode.java
222,src/org/jruby/ast/RescueBodyNode.java
223,src/org/jruby/ast/RescueNode.java
224,src/org/jruby/ast/RestArgNode.java
225,src/org/jruby/ast/RetryNode.java
226,src/org/jruby/ast/ReturnNode.java
227,src/org/jruby/ast/RootNode.java
228,src/org/jruby/ast/SClassNode.java
229,src/org/jruby/ast/SelfNode.java
230,src/org/jruby/ast/Splat19Node.java
231,src/org/jruby/ast/SplatNode.java
232,src/org/jruby/ast/StarNode.java
233,src/org/jruby/ast/StrNode.java
234,src/org/jruby/ast/SuperNode.java
235,src/org/jruby/ast/SValueNode.java
236,src/org/jruby/ast/SymbolNode.java
237,src/org/jruby/ast/ToAryNode.java
238,src/org/jruby/ast/TrueNode.java
239,src/org/jruby/ast/TypedArgumentNode.java
240,src/org/jruby/ast/types/IArityNode.java
241,src/org/jruby/ast/types/IEqlNode.java
242,src/org/jruby/ast/types/ILiteralNode.java
243,src/org/jruby/ast/types/INameNode.java
244,src/org/jruby/ast/UndefNode.java
245,src/org/jruby/ast/UnnamedRestArgNode.java
246,src/org/jruby/ast/UntilNode.java
247,src/org/jruby/ast/util/ArgsUtil.java
248,src/org/jruby/ast/util/SexpMaker.java
249,src/org/jruby/ast/VAliasNode.java
250,src/org/jruby/ast/VCallNode.java
251,src/org/jruby/ast/visitor/NodeVisitor.java
252,src/org/jruby/ast/WhenNode.java
253,src/org/jruby/ast/WhenOneArgNode.java
254,src/org/jruby/ast/WhileNode.java
255,src/org/jruby/ast/XStrNode.java
256,src/org/jruby/ast/YieldNode.java
257,src/org/jruby/ast/YieldOneNode.java
258,src/org/jruby/ast/YieldThreeNode.java
259,src/org/jruby/ast/YieldTwoNode.java
260,src/org/jruby/ast/ZArrayNode.java
261,src/org/jruby/ast/ZeroArgNode.java
262,src/org/jruby/ast/ZSuperNode.java
263,src/org/jruby/ast/ZYieldNode.java
264,src/org/jruby/BasicObjectStub.java
265,src/org/jruby/common/IRubyWarnings.java
266,src/org/jruby/common/NullWarnings.java
267,src/org/jruby/common/RubyWarnings.java
268,src/org/jruby/CompatVersion.java
269,src/org/jruby/compiler/ArgumentsCallback.java
270,src/org/jruby/compiler/ArrayCallback.java
271,src/org/jruby/compiler/ASTCompiler.java
272,src/org/jruby/compiler/ASTCompiler19.java
273,src/org/jruby/compiler/ASTInspector.java
274,src/org/jruby/compiler/BodyCompiler.java
275,src/org/jruby/compiler/BranchCallback.java
276,src/org/jruby/compiler/CacheCompiler.java
277,src/org/jruby/compiler/CompilerCallback.java
278,src/org/jruby/compiler/DAGBuilder.java
279,src/org/jruby/compiler/FastSwitchType.java
280,src/org/jruby/compiler/impl/AbstractVariableCompiler.java
281,src/org/jruby/compiler/impl/BaseBodyCompiler.java
282,src/org/jruby/compiler/impl/ChainedChildBodyCompiler.java
283,src/org/jruby/compiler/impl/ChainedChildBodyCompiler19.java
284,src/org/jruby/compiler/impl/ChainedRootBodyCompiler.java
285,src/org/jruby/compiler/impl/ChildScopedBodyCompiler.java
286,src/org/jruby/compiler/impl/ChildScopedBodyCompiler19.java
287,src/org/jruby/compiler/impl/ClassBodyCompiler.java
288,src/org/jruby/compiler/impl/HeapBasedVariableCompiler.java
289,src/org/jruby/compiler/impl/InheritedCacheCompiler.java
290,src/org/jruby/compiler/impl/InvokeDynamicInvocationCompiler.java
291,src/org/jruby/compiler/impl/MethodBodyCompiler.java
292,src/org/jruby/compiler/impl/RootScopedBodyCompiler.java
293,src/org/jruby/compiler/impl/SkinnyMethodAdapter.java
294,src/org/jruby/compiler/impl/StackBasedVariableCompiler.java
295,src/org/jruby/compiler/impl/StandardASMCompiler.java
296,src/org/jruby/compiler/impl/StandardInvocationCompiler.java
297,src/org/jruby/compiler/InvocationCompiler.java
298,src/org/jruby/compiler/ir/CodeVersion.java
299,src/org/jruby/compiler/ir/compiler_pass/AddFrameInstructions.java
300,src/org/jruby/compiler/ir/compiler_pass/CFG_Builder.java
301,src/org/jruby/compiler/ir/compiler_pass/CompilerPass.java
302,src/org/jruby/compiler/ir/compiler_pass/DominatorTreeBuilder.java
303,src/org/jruby/compiler/ir/compiler_pass/IR_Printer.java
304,src/org/jruby/compiler/ir/compiler_pass/LiveVariableAnalysis.java
305,src/org/jruby/compiler/ir/compiler_pass/opts/DeadCodeElimination.java
306,src/org/jruby/compiler/ir/compiler_pass/opts/LocalOptimizationPass.java
307,src/org/jruby/compiler/ir/CompilerTarget.java
308,src/org/jruby/compiler/ir/dataflow/analyses/FrameLoadPlacementNode.java
309,src/org/jruby/compiler/ir/dataflow/analyses/FrameLoadPlacementProblem.java
310,src/org/jruby/compiler/ir/dataflow/analyses/FrameStorePlacementNode.java
311,src/org/jruby/compiler/ir/dataflow/analyses/FrameStorePlacementProblem.java
312,src/org/jruby/compiler/ir/dataflow/analyses/LiveVariableNode.java
313,src/org/jruby/compiler/ir/dataflow/analyses/LiveVariablesProblem.java
314,src/org/jruby/compiler/ir/dataflow/DataFlowConstants.java
315,src/org/jruby/compiler/ir/dataflow/DataFlowProblem.java
316,src/org/jruby/compiler/ir/dataflow/DataFlowVar.java
317,src/org/jruby/compiler/ir/dataflow/FlowGraphNode.java
318,src/org/jruby/compiler/ir/instructions/ALLOC_FRAME_Instr.java
319,src/org/jruby/compiler/ir/instructions/ALU_Instr.java
320,src/org/jruby/compiler/ir/instructions/ASSERT_METHOD_VERSION_Instr.java
321,src/org/jruby/compiler/ir/instructions/ATTR_ASSIGN_Instr.java
322,src/org/jruby/compiler/ir/instructions/AttributeInstr.java
323,src/org/jruby/compiler/ir/instructions/BEQ_Instr.java
324,src/org/jruby/compiler/ir/instructions/BRANCH_Instr.java
325,src/org/jruby/compiler/ir/instructions/BREAK_Instr.java
326,src/org/jruby/compiler/ir/instructions/BUILD_CLOSURE_Instr.java
327,src/org/jruby/compiler/ir/instructions/CallInstruction.java
328,src/org/jruby/compiler/ir/instructions/CASE_Instr.java
329,src/org/jruby/compiler/ir/instructions/CLOSURE_RETURN_Instr.java
330,src/org/jruby/compiler/ir/instructions/COPY_Instr.java
331,src/org/jruby/compiler/ir/instructions/DECLARE_LOCAL_TYPE_Instr.java
332,src/org/jruby/compiler/ir/instructions/DEFINE_CLASS_METHOD_Instr.java
333,src/org/jruby/compiler/ir/instructions/DEFINE_INSTANCE_METHOD_Instr.java
334,src/org/jruby/compiler/ir/instructions/EQQ_Instr.java
335,src/org/jruby/compiler/ir/instructions/FilenameInstruction.java
336,src/org/jruby/compiler/ir/instructions/GET_ARRAY_Instr.java
337,src/org/jruby/compiler/ir/instructions/GET_CONST_Instr.java
338,src/org/jruby/compiler/ir/instructions/GET_CVAR_Instr.java
339,src/org/jruby/compiler/ir/instructions/GET_FIELD_Instr.java
340,src/org/jruby/compiler/ir/instructions/GET_GLOBAL_VAR_Instr.java
341,src/org/jruby/compiler/ir/instructions/GET_Instr.java
342,src/org/jruby/compiler/ir/instructions/GuardInstr.java
343,src/org/jruby/compiler/ir/instructions/IR_Instr.java
344,src/org/jruby/compiler/ir/instructions/IS_TRUE_Instr.java
345,src/org/jruby/compiler/ir/instructions/JRUBY_IMPL_CALL_Instr.java
346,src/org/jruby/compiler/ir/instructions/JUMP_INDIRECT_Instr.java
347,src/org/jruby/compiler/ir/instructions/JUMP_Instr.java
348,src/org/jruby/compiler/ir/instructions/LABEL_Instr.java
349,src/org/jruby/compiler/ir/instructions/LINE_NUM_Instr.java
350,src/org/jruby/compiler/ir/instructions/LOAD_FROM_FRAME_Instr.java
351,src/org/jruby/compiler/ir/instructions/MultiOperandInstr.java
352,src/org/jruby/compiler/ir/instructions/NoOperandInstr.java
353,src/org/jruby/compiler/ir/instructions/OneOperandInstr.java
354,src/org/jruby/compiler/ir/instructions/PUT_CONST_Instr.java
355,src/org/jruby/compiler/ir/instructions/PUT_CVAR_Instr.java
356,src/org/jruby/compiler/ir/instructions/PUT_FIELD_Instr.java
357,src/org/jruby/compiler/ir/instructions/PUT_GLOBAL_VAR_Instr.java
358,src/org/jruby/compiler/ir/instructions/PUT_Instr.java
359,src/org/jruby/compiler/ir/instructions/ReceiveArgumentInstruction.java
360,src/org/jruby/compiler/ir/instructions/RECV_CLOSURE_ARG_Instr.java
361,src/org/jruby/compiler/ir/instructions/RECV_CLOSURE_Instr.java
362,src/org/jruby/compiler/ir/instructions/RECV_EXCEPTION_Instr.java
363,src/org/jruby/compiler/ir/instructions/RECV_OPT_ARG_Instr.java
364,src/org/jruby/compiler/ir/instructions/RESCUED_BODY_END_MARKER_Instr.java
365,src/org/jruby/compiler/ir/instructions/RESCUED_BODY_START_MARKER_Instr.java
366,src/org/jruby/compiler/ir/instructions/RETRY_Instr.java
367,src/org/jruby/compiler/ir/instructions/RETURN_Instr.java
368,src/org/jruby/compiler/ir/instructions/RUBY_INTERNALS_CALL_Instr.java
369,src/org/jruby/compiler/ir/instructions/SET_RETADDR_Instr.java
370,src/org/jruby/compiler/ir/instructions/STORE_TO_FRAME_Instr.java
371,src/org/jruby/compiler/ir/instructions/THREAD_POLL_Instr.java
372,src/org/jruby/compiler/ir/instructions/THROW_EXCEPTION_Instr.java
373,src/org/jruby/compiler/ir/instructions/TwoOperandInstr.java
374,src/org/jruby/compiler/ir/instructions/YIELD_Instr.java
375,src/org/jruby/compiler/ir/IR_Builder.java
376,src/org/jruby/compiler/ir/IR_Class.java
377,src/org/jruby/compiler/ir/IR_Closure.java
378,src/org/jruby/compiler/ir/IR_ExecutionScope.java
379,src/org/jruby/compiler/ir/IR_Loop.java
380,src/org/jruby/compiler/ir/IR_MetaClass.java
381,src/org/jruby/compiler/ir/IR_Module.java
382,src/org/jruby/compiler/ir/IR_Scope.java
383,src/org/jruby/compiler/ir/IR_ScopeImpl.java
384,src/org/jruby/compiler/ir/IR_Script.java
385,src/org/jruby/compiler/ir/IRMethod.java
386,src/org/jruby/compiler/ir/operands/ArgIndex.java
387,src/org/jruby/compiler/ir/operands/Array.java
388,src/org/jruby/compiler/ir/operands/Attribute.java
389,src/org/jruby/compiler/ir/operands/Backref.java
390,src/org/jruby/compiler/ir/operands/BacktickString.java
391,src/org/jruby/compiler/ir/operands/Bignum.java
392,src/org/jruby/compiler/ir/operands/BooleanLiteral.java
393,src/org/jruby/compiler/ir/operands/BreakResult.java
394,src/org/jruby/compiler/ir/operands/CompoundArray.java
395,src/org/jruby/compiler/ir/operands/CompoundString.java
396,src/org/jruby/compiler/ir/operands/Constant.java
397,src/org/jruby/compiler/ir/operands/DynamicReference.java
398,src/org/jruby/compiler/ir/operands/DynamicSymbol.java
399,src/org/jruby/compiler/ir/operands/FieldRef.java
400,src/org/jruby/compiler/ir/operands/Fixnum.java
401,src/org/jruby/compiler/ir/operands/Float.java
402,src/org/jruby/compiler/ir/operands/GlobalVariable.java
403,src/org/jruby/compiler/ir/operands/Hash.java
404,src/org/jruby/compiler/ir/operands/KeyValuePair.java
405,src/org/jruby/compiler/ir/operands/Label.java
406,src/org/jruby/compiler/ir/operands/LocalVariable.java
407,src/org/jruby/compiler/ir/operands/MetaObject.java
408,src/org/jruby/compiler/ir/operands/MethAddr.java
409,src/org/jruby/compiler/ir/operands/Nil.java
410,src/org/jruby/compiler/ir/operands/Operand.java
411,src/org/jruby/compiler/ir/operands/Range.java
412,src/org/jruby/compiler/ir/operands/Reference.java
413,src/org/jruby/compiler/ir/operands/Regexp.java
414,src/org/jruby/compiler/ir/operands/SelfVariable.java
415,src/org/jruby/compiler/ir/operands/Splat.java
416,src/org/jruby/compiler/ir/operands/StandardError.java
417,src/org/jruby/compiler/ir/operands/StringLiteral.java
418,src/org/jruby/compiler/ir/operands/SValue.java
419,src/org/jruby/compiler/ir/operands/Symbol.java
420,src/org/jruby/compiler/ir/operands/TemporaryClosureVariable.java
421,src/org/jruby/compiler/ir/operands/TemporaryVariable.java
422,src/org/jruby/compiler/ir/operands/Variable.java
423,src/org/jruby/compiler/ir/Operation.java
424,src/org/jruby/compiler/ir/representations/BasicBlock.java
425,src/org/jruby/compiler/ir/representations/CFG.java
426,src/org/jruby/compiler/ir/targets/JDK6.java
427,src/org/jruby/compiler/ir/targets/JDK7.java
428,src/org/jruby/compiler/ir/targets/JVM.java
429,src/org/jruby/compiler/ir/Tuple.java
430,src/org/jruby/compiler/JITCompiler.java
431,src/org/jruby/compiler/JITCompilerMBean.java
432,src/org/jruby/compiler/NotCompilableException.java
433,src/org/jruby/compiler/ScriptCompiler.java
434,src/org/jruby/compiler/util/BasicObjectStubGenerator.java
435,src/org/jruby/compiler/util/HandleFactory.java
436,src/org/jruby/compiler/VariableCompiler.java
437,src/org/jruby/demo/ext/MethodMissing.java
438,src/org/jruby/demo/IRBConsole.java
439,src/org/jruby/demo/TextAreaReadline.java
440,src/org/jruby/embed/AttributeName.java
441,src/org/jruby/embed/bsf/JRubyEngine.java
442,src/org/jruby/embed/EmbedEvalUnit.java
443,src/org/jruby/embed/EmbedRubyInstanceConfigAdapter.java
444,src/org/jruby/embed/EmbedRubyInterfaceAdapter.java
445,src/org/jruby/embed/EmbedRubyObjectAdapter.java
446,src/org/jruby/embed/EmbedRubyRuntimeAdapter.java
447,src/org/jruby/embed/EvalFailedException.java
448,src/org/jruby/embed/internal/AbstractLocalContextProvider.java
449,src/org/jruby/embed/internal/BiVariableMap.java
450,src/org/jruby/embed/internal/CallMethodType.java
451,src/org/jruby/embed/internal/EmbedEvalUnitImpl.java
452,src/org/jruby/embed/internal/EmbedRubyInterfaceAdapterImpl.java
453,src/org/jruby/embed/internal/EmbedRubyObjectAdapterImpl.java
454,src/org/jruby/embed/internal/EmbedRubyRuntimeAdapterImpl.java
455,src/org/jruby/embed/internal/LocalContext.java
456,src/org/jruby/embed/internal/LocalContextProvider.java
457,src/org/jruby/embed/internal/SingleThreadLocalContextProvider.java
458,src/org/jruby/embed/internal/SingletonLocalContextProvider.java
459,src/org/jruby/embed/internal/ThreadSafeLocalContextProvider.java
460,src/org/jruby/embed/InvokeFailedException.java
461,src/org/jruby/embed/io/ReaderInputStream.java
462,src/org/jruby/embed/io/WriterOutputStream.java
463,src/org/jruby/embed/jsr223/JRubyBindings.java
464,src/org/jruby/embed/jsr223/JRubyCompiledScript.java
465,src/org/jruby/embed/jsr223/JRubyContext.java
466,src/org/jruby/embed/jsr223/JRubyEngine.java
467,src/org/jruby/embed/jsr223/JRubyEngineFactory.java
468,src/org/jruby/embed/jsr223/JRubyScriptEngineManager.java
469,src/org/jruby/embed/jsr223/ServiceFinder.java
470,src/org/jruby/embed/jsr223/Utils.java
471,src/org/jruby/embed/LocalContextScope.java
472,src/org/jruby/embed/LocalVariableBehavior.java
473,src/org/jruby/embed/ParseFailedException.java
474,src/org/jruby/embed/PathType.java
475,src/org/jruby/embed/PropertyName.java
476,src/org/jruby/embed/ScriptingContainer.java
477,src/org/jruby/embed/util/PropertyReader.java
478,src/org/jruby/embed/util/SystemPropertyCatcher.java
479,src/org/jruby/embed/variable/AbstractVariable.java
480,src/org/jruby/embed/variable/BiVariable.java
481,src/org/jruby/embed/variable/ClassVariable.java
482,src/org/jruby/embed/variable/Constant.java
483,src/org/jruby/embed/variable/GlobalVariable.java
484,src/org/jruby/embed/variable/InstanceVariable.java
485,src/org/jruby/embed/variable/LocalGlobalVariable.java
486,src/org/jruby/embed/variable/PersistentLocalVariable.java
487,src/org/jruby/embed/variable/TransientLocalVariable.java
488,src/org/jruby/embed/variable/VariableInterceptor.java
489,src/org/jruby/environment/OSEnvironment.java
490,src/org/jruby/evaluator/AssignmentVisitor.java
491,src/org/jruby/evaluator/ASTInterpreter.java
492,src/org/jruby/exceptions/JumpException.java
493,src/org/jruby/exceptions/MainExitException.java
494,src/org/jruby/exceptions/RaiseException.java
495,src/org/jruby/exceptions/ThreadKill.java
496,src/org/jruby/exceptions/Unrescuable.java
497,src/org/jruby/ext/DelegateLibrary.java
498,src/org/jruby/ext/ffi/AbstractInvoker.java
499,src/org/jruby/ext/ffi/AbstractMemory.java
500,src/org/jruby/ext/ffi/AllocatedDirectMemoryIO.java
501,src/org/jruby/ext/ffi/ArrayMemoryIO.java
502,src/org/jruby/ext/ffi/AutoPointer.java
503,src/org/jruby/ext/ffi/Buffer.java
504,src/org/jruby/ext/ffi/CallbackInfo.java
505,src/org/jruby/ext/ffi/CallbackManager.java
506,src/org/jruby/ext/ffi/DirectMemoryIO.java
507,src/org/jruby/ext/ffi/Enum.java
508,src/org/jruby/ext/ffi/Factory.java
509,src/org/jruby/ext/ffi/FreedMemoryIO.java
510,src/org/jruby/ext/ffi/InvalidMemoryIO.java
511,src/org/jruby/ext/ffi/io/FileDescriptorByteChannel.java
512,src/org/jruby/ext/ffi/io/FileDescriptorIO.java
513,src/org/jruby/ext/ffi/IOModule.java
514,src/org/jruby/ext/ffi/jffi/AllocatedNativeMemoryIO.java
515,src/org/jruby/ext/ffi/jffi/BoundedNativeMemoryIO.java
516,src/org/jruby/ext/ffi/jffi/CallbackManager.java
517,src/org/jruby/ext/ffi/jffi/CallbackMarshaller.java
518,src/org/jruby/ext/ffi/jffi/CallbackMethodWithBlock.java
519,src/org/jruby/ext/ffi/jffi/CodeMemoryIO.java
520,src/org/jruby/ext/ffi/jffi/DefaultMethod.java
521,src/org/jruby/ext/ffi/jffi/DefaultMethodFactory.java
522,src/org/jruby/ext/ffi/jffi/DefaultMethodOneArg.java
523,src/org/jruby/ext/ffi/jffi/DefaultMethodThreeArg.java
524,src/org/jruby/ext/ffi/jffi/DefaultMethodTwoArg.java
525,src/org/jruby/ext/ffi/jffi/DefaultMethodZeroArg.java
526,src/org/jruby/ext/ffi/jffi/DynamicLibrary.java
527,src/org/jruby/ext/ffi/jffi/Factory.java
528,src/org/jruby/ext/ffi/jffi/FastIntMethod.java
529,src/org/jruby/ext/ffi/jffi/FastIntMethodFactory.java
530,src/org/jruby/ext/ffi/jffi/FastIntMethodOneArg.java
531,src/org/jruby/ext/ffi/jffi/FastIntMethodThreeArg.java
532,src/org/jruby/ext/ffi/jffi/FastIntMethodTwoArg.java
533,src/org/jruby/ext/ffi/jffi/FastIntMethodZeroArg.java
534,src/org/jruby/ext/ffi/jffi/FastIntPointerMethodOneArg.java
535,src/org/jruby/ext/ffi/jffi/FastIntPointerMethodThreeArg.java
536,src/org/jruby/ext/ffi/jffi/FastIntPointerMethodTwoArg.java
537,src/org/jruby/ext/ffi/jffi/FastLongMethod.java
538,src/org/jruby/ext/ffi/jffi/FastLongMethodFactory.java
539,src/org/jruby/ext/ffi/jffi/FastLongMethodZeroArg.java
540,src/org/jruby/ext/ffi/jffi/FFIUtil.java
541,src/org/jruby/ext/ffi/jffi/Function.java
542,src/org/jruby/ext/ffi/jffi/FunctionInvoker.java
543,src/org/jruby/ext/ffi/jffi/IntParameterConverter.java
544,src/org/jruby/ext/ffi/jffi/IntResultConverter.java
545,src/org/jruby/ext/ffi/jffi/Invocation.java
546,src/org/jruby/ext/ffi/jffi/JFFIDynamicMethod.java
547,src/org/jruby/ext/ffi/jffi/JFFIInvoker.java
548,src/org/jruby/ext/ffi/jffi/LongParameterConverter.java
549,src/org/jruby/ext/ffi/jffi/LongResultConverter.java
550,src/org/jruby/ext/ffi/jffi/MethodFactory.java
551,src/org/jruby/ext/ffi/jffi/NativeMemoryIO.java
552,src/org/jruby/ext/ffi/jffi/ParameterMarshaller.java
553,src/org/jruby/ext/ffi/jffi/VariadicInvoker.java
554,src/org/jruby/ext/ffi/MemoryIO.java
555,src/org/jruby/ext/ffi/MemoryOp.java
556,src/org/jruby/ext/ffi/MemoryPointer.java
557,src/org/jruby/ext/ffi/MemoryUtil.java
558,src/org/jruby/ext/ffi/NativeParam.java
559,src/org/jruby/ext/ffi/NativeType.java
560,src/org/jruby/ext/ffi/NoImplFactory.java
561,src/org/jruby/ext/ffi/NullMemoryIO.java
562,src/org/jruby/ext/ffi/Platform.java
563,src/org/jruby/ext/ffi/Pointer.java
564,src/org/jruby/ext/ffi/Struct.java
565,src/org/jruby/ext/ffi/StructByValue.java
566,src/org/jruby/ext/ffi/StructLayout.java
567,src/org/jruby/ext/ffi/StructLayoutBuilder.java
568,src/org/jruby/ext/ffi/Type.java
569,src/org/jruby/ext/ffi/TypeSizeMapper.java
570,src/org/jruby/ext/ffi/Util.java
571,src/org/jruby/ext/JRubyPOSIXHandler.java
572,src/org/jruby/ext/LateLoadingLibrary.java
573,src/org/jruby/ext/mathn/Complex.java
574,src/org/jruby/ext/NetProtocolBufferedIO.java
575,src/org/jruby/ext/Readline.java
576,src/org/jruby/ext/socket/RubyBasicSocket.java
577,src/org/jruby/ext/socket/RubyIPSocket.java
578,src/org/jruby/ext/socket/RubySocket.java
579,src/org/jruby/ext/socket/RubyTCPServer.java
580,src/org/jruby/ext/socket/RubyTCPSocket.java
581,src/org/jruby/ext/socket/RubyUDPSocket.java
582,src/org/jruby/ext/socket/RubyUNIXServer.java
583,src/org/jruby/ext/socket/RubyUNIXSocket.java
584,src/org/jruby/ext/socket/Shutdownable.java
585,src/org/jruby/ext/Timeout.java
586,src/org/jruby/ext/WeakRef.java
587,src/org/jruby/Finalizable.java
588,src/org/jruby/IncludedModuleWrapper.java
589,src/org/jruby/internal/runtime/FutureThread.java
590,src/org/jruby/internal/runtime/GlobalVariable.java
591,src/org/jruby/internal/runtime/GlobalVariables.java
592,src/org/jruby/internal/runtime/methods/AliasMethod.java
593,src/org/jruby/internal/runtime/methods/CallConfiguration.java
594,src/org/jruby/internal/runtime/methods/CompiledMethod.java
595,src/org/jruby/internal/runtime/methods/DefaultMethod.java
596,src/org/jruby/internal/runtime/methods/DumpingInvocationMethodFactory.java
597,src/org/jruby/internal/runtime/methods/DynamicMethod.java
598,src/org/jruby/internal/runtime/methods/DynamicMethodFactory.java
599,src/org/jruby/internal/runtime/methods/Framing.java
600,src/org/jruby/internal/runtime/methods/FullFunctionCallbackMethod.java
601,src/org/jruby/internal/runtime/methods/InterpretedMethod.java
602,src/org/jruby/internal/runtime/methods/InvocationMethodFactory.java
603,src/org/jruby/internal/runtime/methods/JavaMethod.java
604,src/org/jruby/internal/runtime/methods/JittedMethod.java
605,src/org/jruby/internal/runtime/methods/MethodArgs.java
606,src/org/jruby/internal/runtime/methods/MethodMethod.java
607,src/org/jruby/internal/runtime/methods/ProcMethod.java
608,src/org/jruby/internal/runtime/methods/ReflectedCompiledMethod.java
609,src/org/jruby/internal/runtime/methods/ReflectedJavaMethod.java
610,src/org/jruby/internal/runtime/methods/ReflectedJavaMultiMethod.java
611,src/org/jruby/internal/runtime/methods/ReflectionMethodFactory.java
612,src/org/jruby/internal/runtime/methods/Scoping.java
613,src/org/jruby/internal/runtime/methods/SimpleCallbackMethod.java
614,src/org/jruby/internal/runtime/methods/SynchronizedDynamicMethod.java
615,src/org/jruby/internal/runtime/methods/TraceableInterpretedMethod.java
616,src/org/jruby/internal/runtime/methods/TraceableJittedMethod.java
617,src/org/jruby/internal/runtime/methods/UndefinedMethod.java
618,src/org/jruby/internal/runtime/methods/WrapperMethod.java
619,src/org/jruby/internal/runtime/NativeThread.java
620,src/org/jruby/internal/runtime/ReadonlyAccessor.java
621,src/org/jruby/internal/runtime/RubyRunnable.java
622,src/org/jruby/internal/runtime/ThreadLike.java
623,src/org/jruby/internal/runtime/ThreadService.java
624,src/org/jruby/internal/runtime/UndefinedAccessor.java
625,src/org/jruby/internal/runtime/ValueAccessor.java
626,src/org/jruby/interpreter/Interpreter.java
627,src/org/jruby/interpreter/LiveScope.java
628,src/org/jruby/java/addons/ArrayJavaAddons.java
629,src/org/jruby/java/addons/IOJavaAddons.java
630,src/org/jruby/java/addons/KernelJavaAddons.java
631,src/org/jruby/java/addons/StringJavaAddons.java
632,src/org/jruby/java/codegen/RealClassGenerator.java
633,src/org/jruby/java/dispatch/CallableSelector.java
634,src/org/jruby/java/invokers/ConstructorInvoker.java
635,src/org/jruby/java/invokers/FieldMethodOne.java
636,src/org/jruby/java/invokers/FieldMethodZero.java
637,src/org/jruby/java/invokers/InstanceFieldGetter.java
638,src/org/jruby/java/invokers/InstanceFieldSetter.java
639,src/org/jruby/java/invokers/InstanceMethodInvoker.java
640,src/org/jruby/java/invokers/MethodInvoker.java
641,src/org/jruby/java/invokers/RubyToJavaInvoker.java
642,src/org/jruby/java/invokers/StaticFieldGetter.java
643,src/org/jruby/java/invokers/StaticFieldSetter.java
644,src/org/jruby/java/invokers/StaticMethodInvoker.java
645,src/org/jruby/java/proxies/ArrayJavaProxy.java
646,src/org/jruby/java/proxies/ConcreteJavaProxy.java
647,src/org/jruby/java/proxies/InterfaceJavaProxy.java
648,src/org/jruby/java/proxies/JavaInterfaceTemplate.java
649,src/org/jruby/java/proxies/JavaProxy.java
650,src/org/jruby/java/proxies/RubyObjectHolderProxy.java
651,src/org/jruby/javasupport/bsf/BSFExample.java
652,src/org/jruby/javasupport/bsf/JRubyEngine.java
653,src/org/jruby/javasupport/Java.java
654,src/org/jruby/javasupport/JavaAccessibleObject.java
655,src/org/jruby/javasupport/JavaArray.java
656,src/org/jruby/javasupport/JavaArrayUtilities.java
657,src/org/jruby/javasupport/JavaCallable.java
658,src/org/jruby/javasupport/JavaClass.java
659,src/org/jruby/javasupport/JavaConstructor.java
660,src/org/jruby/javasupport/JavaEmbedUtils.java
661,src/org/jruby/javasupport/JavaField.java
662,src/org/jruby/javasupport/JavaMethod.java
663,src/org/jruby/javasupport/JavaObject.java
664,src/org/jruby/javasupport/JavaProxyMethods.java
665,src/org/jruby/javasupport/JavaSupport.java
666,src/org/jruby/javasupport/JavaUtil.java
667,src/org/jruby/javasupport/JavaUtilities.java
668,src/org/jruby/javasupport/ParameterTypes.java
669,src/org/jruby/javasupport/proxy/InternalJavaProxy.java
670,src/org/jruby/javasupport/proxy/InternalJavaProxyHelper.java
671,src/org/jruby/javasupport/proxy/JavaProxyClass.java
672,src/org/jruby/javasupport/proxy/JavaProxyClassFactory.java
673,src/org/jruby/javasupport/proxy/JavaProxyConstructor.java
674,src/org/jruby/javasupport/proxy/JavaProxyInvocationHandler.java
675,src/org/jruby/javasupport/proxy/JavaProxyMethod.java
676,src/org/jruby/javasupport/proxy/JavaProxyReflectionObject.java
677,src/org/jruby/javasupport/util/ObjectProxyCache.java
678,src/org/jruby/javasupport/util/RuntimeHelpers.java
679,src/org/jruby/JRubyApplet.java
680,src/org/jruby/JRubyClient.java
681,src/org/jruby/JRubyServer.java
682,src/org/jruby/JRubyService.java
683,src/org/jruby/lexer/JavaSignatureLexer.java
684,src/org/jruby/lexer/yacc/ByteArrayLexerSource.java
685,src/org/jruby/lexer/yacc/HeredocTerm.java
686,src/org/jruby/lexer/yacc/InputStreamLexerSource.java
687,src/org/jruby/lexer/yacc/ISourcePosition.java
688,src/org/jruby/lexer/yacc/ISourcePositionHolder.java
689,src/org/jruby/lexer/yacc/LexerSource.java
690,src/org/jruby/lexer/yacc/RubyYaccLexer.java
691,src/org/jruby/lexer/yacc/SimplePositionFactory.java
692,src/org/jruby/lexer/yacc/SimpleSourcePosition.java
693,src/org/jruby/lexer/yacc/StackState.java
694,src/org/jruby/lexer/yacc/StringTerm.java
695,src/org/jruby/lexer/yacc/StrTerm.java
696,src/org/jruby/lexer/yacc/SyntaxException.java
697,src/org/jruby/lexer/yacc/Token.java
698,src/org/jruby/libraries/BigDecimalLibrary.java
699,src/org/jruby/libraries/DigestLibrary.java
700,src/org/jruby/libraries/EnumeratorLibrary.java
701,src/org/jruby/libraries/EtcLibrary.java
702,src/org/jruby/libraries/FcntlLibrary.java
703,src/org/jruby/libraries/FiberLibrary.java
704,src/org/jruby/libraries/IConvLibrary.java
705,src/org/jruby/libraries/IOWaitLibrary.java
706,src/org/jruby/libraries/JRubySerializationLibrary.java
707,src/org/jruby/libraries/NetProtocolBufferedIOLibrary.java
708,src/org/jruby/libraries/NKFLibrary.java
709,src/org/jruby/libraries/RbConfigLibrary.java
710,src/org/jruby/libraries/StringIOLibrary.java
711,src/org/jruby/libraries/StringScannerLibrary.java
712,src/org/jruby/libraries/TempfileLibrary.java
713,src/org/jruby/libraries/ThreadLibrary.java
714,src/org/jruby/Main.java
715,src/org/jruby/management/BeanManager.java
716,src/org/jruby/management/BeanManagerFactory.java
717,src/org/jruby/management/BeanManagerImpl.java
718,src/org/jruby/management/ClassCache.java
719,src/org/jruby/management/ClassCacheMBean.java
720,src/org/jruby/management/Config.java
721,src/org/jruby/management/ConfigMBean.java
722,src/org/jruby/management/MethodCacheMBean.java
723,src/org/jruby/management/ParserStats.java
724,src/org/jruby/management/ParserStatsMBean.java
725,src/org/jruby/MetaClass.java
726,src/org/jruby/NativeException.java
727,src/org/jruby/parser/BlockStaticScope.java
728,src/org/jruby/parser/DefaultRubyParser.java
729,src/org/jruby/parser/EvalStaticScope.java
730,src/org/jruby/parser/JavaSignatureParser.java
731,src/org/jruby/parser/LocalStaticScope.java
732,src/org/jruby/parser/Parser.java
733,src/org/jruby/parser/ParserConfiguration.java
734,src/org/jruby/parser/ParserSupport.java
735,src/org/jruby/parser/ParserSupport19.java
736,src/org/jruby/parser/ParserSyntaxException.java
737,src/org/jruby/parser/ReOptions.java
738,src/org/jruby/parser/Ruby19Parser.java
739,src/org/jruby/parser/Ruby19YyTables.java
740,src/org/jruby/parser/RubyParser.java
741,src/org/jruby/parser/RubyParserPool.java
742,src/org/jruby/parser/RubyParserResult.java
743,src/org/jruby/parser/StaticScope.java
744,src/org/jruby/parser/Tokens.java
745,src/org/jruby/parser/YyTables.java
746,src/org/jruby/platform/Platform.java
747,src/org/jruby/Profile.java
748,src/org/jruby/Ruby.java
749,src/org/jruby/RubyArgsFile.java
750,src/org/jruby/RubyArray.java
751,src/org/jruby/RubyBasicObject.java
752,src/org/jruby/RubyBigDecimal.java
753,src/org/jruby/RubyBignum.java
754,src/org/jruby/RubyBinding.java
755,src/org/jruby/RubyBoolean.java
756,src/org/jruby/RubyClass.java
757,src/org/jruby/RubyClassPathVariable.java
758,src/org/jruby/RubyComparable.java
759,src/org/jruby/RubyComplex.java
760,src/org/jruby/RubyContinuation.java
761,src/org/jruby/RubyConverter.java
762,src/org/jruby/RubyDigest.java
763,src/org/jruby/RubyDir.java
764,src/org/jruby/RubyEncoding.java
765,src/org/jruby/RubyEnumerable.java
766,src/org/jruby/RubyEnumerator.java
767,src/org/jruby/RubyEtc.java
768,src/org/jruby/RubyException.java
769,src/org/jruby/RubyFile.java
770,src/org/jruby/RubyFileStat.java
771,src/org/jruby/RubyFileTest.java
772,src/org/jruby/RubyFixnum.java
773,src/org/jruby/RubyFloat.java
774,src/org/jruby/RubyGC.java
775,src/org/jruby/RubyGlobal.java
776,src/org/jruby/RubyHash.java
777,src/org/jruby/RubyIconv.java
778,src/org/jruby/RubyInstanceConfig.java
779,src/org/jruby/RubyInteger.java
780,src/org/jruby/RubyIO.java
781,src/org/jruby/RubyJRuby.java
782,src/org/jruby/RubyKernel.java
783,src/org/jruby/RubyLocalJumpError.java
784,src/org/jruby/RubyMarshal.java
785,src/org/jruby/RubyMatchData.java
786,src/org/jruby/RubyMath.java
787,src/org/jruby/RubyMethod.java
788,src/org/jruby/RubyModule.java
789,src/org/jruby/RubyNameError.java
790,src/org/jruby/RubyNil.java
791,src/org/jruby/RubyNKF.java
792,src/org/jruby/RubyNoMethodError.java
793,src/org/jruby/RubyNumeric.java
794,src/org/jruby/RubyObject.java
795,src/org/jruby/RubyObjectAdapter.java
796,src/org/jruby/RubyObjectSpace.java
797,src/org/jruby/RubyPrecision.java
798,src/org/jruby/RubyProc.java
799,src/org/jruby/RubyProcess.java
800,src/org/jruby/RubyRandom.java
801,src/org/jruby/RubyRange.java
802,src/org/jruby/RubyRational.java
803,src/org/jruby/RubyRegexp.java
804,src/org/jruby/RubyRuntimeAdapter.java
805,src/org/jruby/RubySignal.java
806,src/org/jruby/RubyString.java
807,src/org/jruby/RubyStringIO.java
808,src/org/jruby/RubyStringScanner.java
809,src/org/jruby/RubyStruct.java
810,src/org/jruby/RubySymbol.java
811,src/org/jruby/RubySystemCallError.java
812,src/org/jruby/RubySystemExit.java
813,src/org/jruby/RubyTempfile.java
814,src/org/jruby/RubyThread.java
815,src/org/jruby/RubyThreadGroup.java
816,src/org/jruby/RubyTime.java
817,src/org/jruby/RubyUnboundMethod.java
818,src/org/jruby/RubyYielder.java
819,src/org/jruby/RubyZlib.java
820,src/org/jruby/runtime/Arity.java
821,src/org/jruby/runtime/assigner/Assigner.java
822,src/org/jruby/runtime/assigner/Pre0Rest0Post0Assigner.java
823,src/org/jruby/runtime/assigner/Pre0Rest0Post0BlockAssigner.java
824,src/org/jruby/runtime/assigner/Pre0Rest1Post0Assigner.java
825,src/org/jruby/runtime/assigner/Pre0Rest1Post0BlockAssigner.java
826,src/org/jruby/runtime/assigner/Pre1ExpandedRest0Post0Assigner.java
827,src/org/jruby/runtime/assigner/Pre1ExpandedRest0Post0BlockAssigner.java
828,src/org/jruby/runtime/assigner/Pre1Rest0Post0Assigner.java
829,src/org/jruby/runtime/assigner/Pre1Rest0Post0BlockAssigner.java
830,src/org/jruby/runtime/assigner/Pre1Rest1Post0Assigner.java
831,src/org/jruby/runtime/assigner/Pre1Rest1Post0BlockAssigner.java
832,src/org/jruby/runtime/assigner/Pre2Rest0Post0Assigner.java
833,src/org/jruby/runtime/assigner/Pre2Rest0Post0BlockAssigner.java
834,src/org/jruby/runtime/assigner/Pre2Rest1Post0Assigner.java
835,src/org/jruby/runtime/assigner/Pre2Rest1Post0BlockAssigner.java
836,src/org/jruby/runtime/assigner/Pre3Rest0Post0Assigner.java
837,src/org/jruby/runtime/assigner/Pre3Rest0Post0BlockAssigner.java
838,src/org/jruby/runtime/assigner/Pre3Rest1Post0Assigner.java
839,src/org/jruby/runtime/assigner/Pre3Rest1Post0BlockAssigner.java
840,src/org/jruby/runtime/assigner/PreManyRest0Post0Assigner.java
841,src/org/jruby/runtime/assigner/PreManyRest0Post0BlockAssigner.java
842,src/org/jruby/runtime/assigner/PreManyRest1Post0Assigner.java
843,src/org/jruby/runtime/assigner/PreManyRest1Post0BlockAssigner.java
844,src/org/jruby/runtime/Binding.java
845,src/org/jruby/runtime/Block.java
846,src/org/jruby/runtime/BlockBody.java
847,src/org/jruby/runtime/BlockCallback.java
848,src/org/jruby/runtime/builtin/InstanceVariables.java
849,src/org/jruby/runtime/builtin/InstanceVariableTable.java
850,src/org/jruby/runtime/builtin/InternalVariables.java
851,src/org/jruby/runtime/builtin/IRubyObject.java
852,src/org/jruby/runtime/builtin/RubyJavaObject.java
853,src/org/jruby/runtime/builtin/Variable.java
854,src/org/jruby/runtime/callback/Callback.java
855,src/org/jruby/runtime/callback/DumpingInvocationCallbackFactory.java
856,src/org/jruby/runtime/callback/FastInvocationCallback.java
857,src/org/jruby/runtime/callback/InvocationCallback.java
858,src/org/jruby/runtime/callback/InvocationCallbackFactory.java
859,src/org/jruby/runtime/callback/ReflectionCallback.java
860,src/org/jruby/runtime/callback/ReflectionCallbackFactory.java
861,src/org/jruby/runtime/CallbackFactory.java
862,src/org/jruby/runtime/CallBlock.java
863,src/org/jruby/runtime/CallSite.java
864,src/org/jruby/runtime/callsite/ArefCallSite.java
865,src/org/jruby/runtime/callsite/AsetCallSite.java
866,src/org/jruby/runtime/callsite/CacheEntry.java
867,src/org/jruby/runtime/callsite/CachingCallSite.java
868,src/org/jruby/runtime/callsite/ConstantSite.java
869,src/org/jruby/runtime/callsite/DivCallSite.java
870,src/org/jruby/runtime/callsite/FunctionalCachingCallSite.java
871,src/org/jruby/runtime/callsite/GeCallSite.java
872,src/org/jruby/runtime/callsite/NormalCachingCallSite.java
873,src/org/jruby/runtime/callsite/RespondToCallSite.java
874,src/org/jruby/runtime/callsite/SuperCallSite.java
875,src/org/jruby/runtime/CallType.java
876,src/org/jruby/runtime/ClassIndex.java
877,src/org/jruby/runtime/CompiledBlock.java
878,src/org/jruby/runtime/CompiledBlock19.java
879,src/org/jruby/runtime/CompiledBlockCallback.java
880,src/org/jruby/runtime/CompiledBlockCallback19.java
881,src/org/jruby/runtime/CompiledBlockLight.java
882,src/org/jruby/runtime/CompiledBlockLight19.java
883,src/org/jruby/runtime/CompiledSharedScopeBlock.java
884,src/org/jruby/runtime/component/VariableEntry.java
885,src/org/jruby/runtime/Constants.java
886,src/org/jruby/runtime/DynamicScope.java
887,src/org/jruby/runtime/encoding/EncodingCapable.java
888,src/org/jruby/runtime/encoding/EncodingService.java
889,src/org/jruby/runtime/EventHook.java
890,src/org/jruby/runtime/ExecutionContext.java
891,src/org/jruby/runtime/Frame.java
892,src/org/jruby/runtime/GlobalVariable.java
893,src/org/jruby/runtime/IAccessor.java
894,src/org/jruby/runtime/Interpreted19Block.java
895,src/org/jruby/runtime/InterpretedBlock.java
896,src/org/jruby/runtime/invokedynamic/InvokeDynamicSupport.java
897,src/org/jruby/runtime/load/BasicLibraryService.java
898,src/org/jruby/runtime/load/ClassExtensionLibrary.java
899,src/org/jruby/runtime/load/CompiledScriptLoader.java
900,src/org/jruby/runtime/load/ExternalScript.java
901,src/org/jruby/runtime/load/IAutoloadMethod.java
902,src/org/jruby/runtime/load/JarredScript.java
903,src/org/jruby/runtime/load/JavaCompiledScript.java
904,src/org/jruby/runtime/load/Library.java
905,src/org/jruby/runtime/load/LoadService.java
906,src/org/jruby/runtime/load/LoadService19.java
907,src/org/jruby/runtime/load/LoadServiceResource.java
908,src/org/jruby/runtime/load/LoadServiceResourceInputStream.java
909,src/org/jruby/runtime/marshal/CoreObjectType.java
910,src/org/jruby/runtime/marshal/DataType.java
911,src/org/jruby/runtime/marshal/MarshalCache.java
912,src/org/jruby/runtime/marshal/MarshalStream.java
913,src/org/jruby/runtime/marshal/UnmarshalCache.java
914,src/org/jruby/runtime/marshal/UnmarshalStream.java
915,src/org/jruby/runtime/MethodBlock.java
916,src/org/jruby/runtime/MethodFactory.java
917,src/org/jruby/runtime/MethodIndex.java
918,src/org/jruby/runtime/NullBlockBody.java
919,src/org/jruby/runtime/ObjectAllocator.java
920,src/org/jruby/runtime/ObjectMarshal.java
921,src/org/jruby/runtime/ObjectSpace.java
922,src/org/jruby/runtime/PositionAware.java
923,src/org/jruby/runtime/ReadonlyGlobalVariable.java
924,src/org/jruby/runtime/RubyEvent.java
925,src/org/jruby/runtime/scope/DummyDynamicScope.java
926,src/org/jruby/runtime/scope/FourVarDynamicScope.java
927,src/org/jruby/runtime/scope/ManyVarsDynamicScope.java
928,src/org/jruby/runtime/scope/NoVarsDynamicScope.java
929,src/org/jruby/runtime/scope/OneVarDynamicScope.java
930,src/org/jruby/runtime/scope/ThreeVarDynamicScope.java
931,src/org/jruby/runtime/scope/TwoVarDynamicScope.java
932,src/org/jruby/runtime/SharedScopeBlock.java
933,src/org/jruby/runtime/ThreadContext.java
934,src/org/jruby/runtime/Visibility.java
935,src/org/jruby/threading/DaemonThreadFactory.java
936,src/org/jruby/TopSelfFactory.java
937,src/org/jruby/util/Adler32Ext.java
938,src/org/jruby/util/BuiltinScript.java
939,src/org/jruby/util/ClassCache.java
940,src/org/jruby/util/ClassProvider.java
941,src/org/jruby/util/CodegenUtils.java
942,src/org/jruby/util/collections/IntHashMap.java
943,src/org/jruby/util/collections/WeakHashSet.java
944,src/org/jruby/util/CompoundJarURLStreamHandler.java
945,src/org/jruby/util/ConvertBytes.java
946,src/org/jruby/util/ConvertDouble.java
947,src/org/jruby/util/CRC32Ext.java
948,src/org/jruby/util/Dir.java
949,src/org/jruby/util/func/Function0.java
950,src/org/jruby/util/func/Function1.java
951,src/org/jruby/util/GenericMap.java
952,src/org/jruby/util/IdUtil.java
953,src/org/jruby/util/io/BadDescriptorException.java
954,src/org/jruby/util/io/BlockingIO.java
955,src/org/jruby/util/io/ChannelDescriptor.java
956,src/org/jruby/util/io/ChannelStream.java
957,src/org/jruby/util/io/CRLFStreamWrapper.java
958,src/org/jruby/util/io/DirectoryAsFileException.java
959,src/org/jruby/util/io/FileExistsException.java
960,src/org/jruby/util/io/InvalidValueException.java
961,src/org/jruby/util/io/JRubyObjectInputStream.java
962,src/org/jruby/util/io/ModeFlags.java
963,src/org/jruby/util/io/NullChannel.java
964,src/org/jruby/util/io/OpenFile.java
965,src/org/jruby/util/io/PermissionDeniedException.java
966,src/org/jruby/util/io/STDIO.java
967,src/org/jruby/util/io/Stream.java
968,src/org/jruby/util/IOChannel.java
969,src/org/jruby/util/IOInputStream.java
970,src/org/jruby/util/IOOutputStream.java
971,src/org/jruby/util/JavaNameMangler.java
972,src/org/jruby/util/Join.java
973,src/org/jruby/util/JRubyClassLoader.java
974,src/org/jruby/util/JRubyFile.java
975,src/org/jruby/util/JRubyNonExistentFile.java
976,src/org/jruby/util/KCode.java
977,src/org/jruby/util/NailMain.java
978,src/org/jruby/util/NoFunctionalitySignalFacade.java
979,src/org/jruby/util/NormalizedFile.java
980,src/org/jruby/util/Numeric.java
981,src/org/jruby/util/Pack.java
982,src/org/jruby/util/Qsort.java
983,src/org/jruby/util/Random.java
984,src/org/jruby/util/RecursiveComparator.java
985,src/org/jruby/util/ReferenceReaper.java
986,src/org/jruby/util/RubyDateFormat.java
987,src/org/jruby/util/SafePropertyAccessor.java
988,src/org/jruby/util/ShellLauncher.java
989,src/org/jruby/util/SignalFacade.java
990,src/org/jruby/util/SimpleSampler.java
991,src/org/jruby/util/Sprintf.java
992,src/org/jruby/util/string/JavaCrypt.java
993,src/org/jruby/util/StringSupport.java
994,src/org/jruby/util/SunSignalFacade.java
995,src/org/jruby/util/TimeOutputFormatter.java
996,src/org/jruby/util/TypeCoercer.java
997,src/org/jruby/util/TypeConverter.java
998,src/org/jruby/util/unsafe/SunUnsafeWrapper.java
999,src/org/jruby/util/unsafe/Unsafe.java
1000,src/org/jruby/util/unsafe/UnsafeFactory.java
1001,src/org/jruby/util/unsafe/UnsafeGenerator.java
1002,src/org/jruby/util/WeakIdentityHashMap.java
1003,test/DefaultPackageClass.java
1004,test/org/jruby/bench/BenchFixnumCreation.java
1005,test/org/jruby/embed/bsf/JRubyEngineTest.java
1006,test/org/jruby/embed/FooArU.java
1007,test/org/jruby/embed/jsr223/JRubyBindingsTest.java
1008,test/org/jruby/embed/jsr223/JRubyCompiledScriptTest.java
1009,test/org/jruby/embed/jsr223/JRubyContextTest.java
1010,test/org/jruby/embed/jsr223/JRubyEngineFactoryTest.java
1011,test/org/jruby/embed/jsr223/JRubyEngineTest.java
1012,test/org/jruby/embed/MultipleScriptsRunner.java
1013,test/org/jruby/embed/PositionFunction.java
1014,test/org/jruby/embed/RadioActiveDecay.java
1015,test/org/jruby/embed/ReaderInputStreamTest.java
1016,test/org/jruby/embed/ScriptingContainerTest.java
1017,test/org/jruby/ext/posix/JavaFileStatTest.java
1018,test/org/jruby/javasupport/test/Color.java
1019,test/org/jruby/javasupport/test/ConstantHolder.java
1020,test/org/jruby/javasupport/test/ConsumeInterfaces.java
1021,test/org/jruby/javasupport/test/DateHolder.java
1022,test/org/jruby/javasupport/test/Interface1.java
1023,test/org/jruby/javasupport/test/JavaSupportTestSuite.java
1024,test/org/jruby/javasupport/test/NullToString.java
1025,test/org/jruby/javasupport/test/OuterClass.java
1026,test/org/jruby/javasupport/test/Room.java
1027,test/org/jruby/javasupport/test/RubyTestCase.java
1028,test/org/jruby/javasupport/test/RubyTestObject.java
1029,test/org/jruby/javasupport/test/SimpleExecutor.java
1030,test/org/jruby/javasupport/test/SimpleInterface.java
1031,test/org/jruby/javasupport/test/TestBSF.java
1032,test/org/jruby/javasupport/test/TestIntWrapper.java
1033,test/org/jruby/javasupport/test/TestIntWrapperImpl.java
1034,test/org/jruby/javasupport/test/TestNativeException.java
1035,test/org/jruby/javasupport/TestJava.java
1036,test/org/jruby/javasupport/TestJavaClass.java
1037,test/org/jruby/javasupport/TypeMatcher.java
1038,test/org/jruby/lexer/yacc/ByteArrayLexerSourceTest.java
1039,test/org/jruby/runtime/EventHookTest.java
1040,test/org/jruby/runtime/load/LoadServiceResourceInputStreamTest.java
1041,test/org/jruby/test/Abstract.java
1042,test/org/jruby/test/AlphaSingleton.java
1043,test/org/jruby/test/BasicLibraryTestService.java
1044,test/org/jruby/test/bench/BenchFixnumFibRecursive.java
1045,test/org/jruby/test/bench/BenchIntFibRecursive.java
1046,test/org/jruby/test/ClassWithPrimitive.java
1047,test/org/jruby/test/DubyTestSuite.java
1048,test/org/jruby/test/FailingTest.java
1049,test/org/jruby/test/FinalMethodBaseTest.java
1050,test/org/jruby/test/JRUBY_2480_A.java
1051,test/org/jruby/test/JRUBY_2480_B.java
1052,test/org/jruby/test/MainTestSuite.java
1053,test/org/jruby/test/MockException.java
1054,test/org/jruby/test/MockJavaSupport.java
1055,test/org/jruby/test/MockObjectSpace.java
1056,test/org/jruby/test/MockRubyObject.java
1057,test/org/jruby/test/NormalJavaClass.java
1058,test/org/jruby/test/Overloaded.java
1059,test/org/jruby/test/OverloadedTest.java
1060,test/org/jruby/test/Parent.java
1061,test/org/jruby/test/Ruby1_9TestSuite.java
1062,test/org/jruby/test/Runner.java
1063,test/org/jruby/test/ScriptTestSuite.java
1064,test/org/jruby/test/smallLetterClass.java
1065,test/org/jruby/test/TestAdoptedThreading.java
1066,test/org/jruby/test/TestArrayFlatten.java
1067,test/org/jruby/test/TestCodeCache.java
1068,test/org/jruby/test/TestCommandlineParser.java
1069,test/org/jruby/test/TestHelper.java
1070,test/org/jruby/test/TestJavaReentrantExceptions.java
1071,test/org/jruby/test/TestJavaUtil.java
1072,test/org/jruby/test/TestKernel.java
1073,test/org/jruby/test/TestLoadService.java
1074,test/org/jruby/test/TestMethodFactories.java
1075,test/org/jruby/test/TestObjectSpace.java
1076,test/org/jruby/test/TestParser.java
1077,test/org/jruby/test/TestRaiseException.java
1078,test/org/jruby/test/TestRbConfigLibrary.java
1079,test/org/jruby/test/TestRequire.java
1080,test/org/jruby/test/TestRuby.java
1081,test/org/jruby/test/TestRubyArray.java
1082,test/org/jruby/test/TestRubyBase.java
1083,test/org/jruby/test/TestRubyBigDecimal.java
1084,test/org/jruby/test/TestRubyClass.java
1085,test/org/jruby/test/TestRubyCollect.java
1086,test/org/jruby/test/TestRubyException.java
1087,test/org/jruby/test/TestRubyHash.java
1088,test/org/jruby/test/TestRubyInstanceConfig.java
1089,test/org/jruby/test/TestRubyNil.java
1090,test/org/jruby/test/TestRubyObject.java
1091,test/org/jruby/test/TestRubySymbol.java
1092,test/org/jruby/test/TestUnitTestSuite.java
1093,test/org/jruby/test/Worker.java
1094,test/org/jruby/util/JRubyThreadContextTest.java
1095,test/org/jruby/util/PlatformTest.java
1096,test/org/jruby/util/Pwd.java
1097,test/org/jruby/util/ShellLauncherTest.java
1098,test/org/jruby/util/TimeOutputFormatterTest.java
1099,test/testapp/testapp.c
1100,tool/nailgun/src/c/ng.c
1101,cext/src/array.cpp
1102,cext/src/class.cpp
1103,cext/src/data-object.cpp
1104,cext/src/exception.cpp
1105,cext/src/float.cpp
1106,cext/src/gc.cpp
1107,cext/src/Handle.cpp
1108,cext/src/Handle.h
1109,cext/src/hash.cpp
1110,cext/src/include/config.h
1111,cext/src/include/ruby.h
1112,cext/src/include/ruby/defines.h
1113,cext/src/include/ruby/jruby_win32.h
1114,cext/src/include/ruby/ruby.h
1115,cext/src/include/ruby/st_sizes.h
1116,cext/src/include/ruby/version.h
1117,cext/src/invoke.cpp
1118,cext/src/io.cpp
1119,cext/src/JavaException.cpp
1120,cext/src/JavaException.h
1121,cext/src/JLocalEnv.cpp
1122,cext/src/JLocalEnv.h
1123,cext/src/jruby-cext.cpp
1124,cext/src/jruby.cpp
1125,cext/src/jruby.h
1126,cext/src/JString.cpp
1127,cext/src/JString.h
1128,cext/src/JUtil.cpp
1129,cext/src/kernel.cpp
1130,cext/src/module.cpp
1131,cext/src/numeric.cpp
1132,cext/src/object.cpp
1133,cext/src/queue.h
1134,cext/src/raise.cpp
1135,cext/src/range.cpp
1136,cext/src/regexp.cpp
1137,cext/src/ruby.cpp
1138,cext/src/safe.cpp
1139,cext/src/st.c
1140,cext/src/string.cpp
1141,cext/src/struct.cpp
1142,cext/src/symbol.cpp
1143,cext/src/thread.cpp
1144,cext/src/time.cpp
1145,cext/src/Type.cpp
1146,cext/src/util.cpp
1147,cext/src/util.h
1148,maven/jruby-rake-plugin/src/main/java/org/jruby/maven/ClasspathMojo.java
1149,spec/java_integration/fixtures/BadStaticInit.java
1150,spec/java_integration/fixtures/MethodAnnotations.java
1151,spec/java_integration/fixtures/ScalaOperators.java
1152,spec/java_integration/fixtures/ScalaSingleton.java
1153,spec/java_integration/fixtures/ScalaSingleton$.java
1154,spec/java_integration/fixtures/SuperWithInterface.java
1155,src/org/jruby/ast/DNode.java
1156,src/org/jruby/ast/java_signature/Annotation.java
1157,src/org/jruby/ast/java_signature/AnnotationExpression.java
1158,src/org/jruby/ast/java_signature/AnnotationParameter.java
1159,src/org/jruby/ast/java_signature/ArrayAnnotationExpression.java
1160,src/org/jruby/ast/java_signature/CharacterLiteral.java
1161,src/org/jruby/ast/java_signature/DefaultAnnotationParameter.java
1162,src/org/jruby/ast/java_signature/Literal.java
1163,src/org/jruby/ast/java_signature/StringAnnotationExpression.java
1164,src/org/jruby/ast/java_signature/StringLiteral.java
1165,src/org/jruby/ast/Match2CaptureNode.java
1166,src/org/jruby/ast/Yield19Node.java
1167,src/org/jruby/cext/Cleaner.java
1168,src/org/jruby/cext/GC.java
1169,src/org/jruby/cext/GIL.java
1170,src/org/jruby/cext/Handle.java
1171,src/org/jruby/cext/JRuby.java
1172,src/org/jruby/cext/ModuleLoader.java
1173,src/org/jruby/cext/Native.java
1174,src/org/jruby/cext/NativeMethod.java
1175,src/org/jruby/cext/NativeMethod3.java
1176,src/org/jruby/cext/NativeObjectAllocator.java
1177,src/org/jruby/cext/NativeProcMethod.java
1178,src/org/jruby/cext/RubyData.java
1179,src/org/jruby/compiler/impl/InvokeDynamicCacheCompiler.java
1180,src/org/jruby/embed/osgi/internal/JRubyOSGiBundleClassLoader.java
1181,src/org/jruby/embed/osgi/internal/OSGiBundlesSearcher.java
1182,src/org/jruby/embed/osgi/internal/OSGiLoadService.java
1183,src/org/jruby/embed/osgi/OSGiScriptingContainer.java
1184,src/org/jruby/embed/osgi/utils/OSGiBundleClassLoaderHelper.java
1185,src/org/jruby/embed/osgi/utils/OSGiFileLocator.java
1186,src/org/jruby/embed/variable/Argv.java
1187,src/org/jruby/ext/bigdecimal/BigDecimalLibrary.java
1188,src/org/jruby/ext/bigdecimal/RubyBigDecimal.java
1189,src/org/jruby/ext/delegate/DelegateLibrary.java
1190,src/org/jruby/ext/digest/DigestLibrary.java
1191,src/org/jruby/ext/digest/RubyDigest.java
1192,src/org/jruby/ext/enumerator/EnumeratorLibrary.java
1193,src/org/jruby/ext/etc/EtcLibrary.java
1194,src/org/jruby/ext/etc/RubyEtc.java
1195,src/org/jruby/ext/fcntl/FcntlLibrary.java
1196,src/org/jruby/ext/ffi/DataConverter.java
1197,src/org/jruby/ext/ffi/FFI.java
1198,src/org/jruby/ext/ffi/jffi/AbstractNumericMethodGenerator.java
1199,src/org/jruby/ext/ffi/jffi/AsmClassBuilder.java
1200,src/org/jruby/ext/ffi/jffi/BufferNativeInvoker.java
1201,src/org/jruby/ext/ffi/jffi/CachingNativeMemoryAllocator.java
1202,src/org/jruby/ext/ffi/jffi/ConstStringPointerParameterStrategy.java
1203,src/org/jruby/ext/ffi/jffi/DataConverters.java
1204,src/org/jruby/ext/ffi/jffi/DelegatingPointerParameterStrategy.java
1205,src/org/jruby/ext/ffi/jffi/DirectPointerParameterStrategy.java
1206,src/org/jruby/ext/ffi/jffi/DirectStructParameterStrategy.java
1207,src/org/jruby/ext/ffi/jffi/FastIntMethodGenerator.java
1208,src/org/jruby/ext/ffi/jffi/FastLongMethodGenerator.java
1209,src/org/jruby/ext/ffi/jffi/FastNumericMethodGenerator.java
1210,src/org/jruby/ext/ffi/jffi/HeapPointerParameterStrategy.java
1211,src/org/jruby/ext/ffi/jffi/HeapStructParameterStrategy.java
1212,src/org/jruby/ext/ffi/jffi/InvokeDynamic.java
1213,src/org/jruby/ext/ffi/jffi/JITCompiler.java
1214,src/org/jruby/ext/ffi/jffi/JITHandle.java
1215,src/org/jruby/ext/ffi/jffi/JITNativeInvoker.java
1216,src/org/jruby/ext/ffi/jffi/JITRuntime.java
1217,src/org/jruby/ext/ffi/jffi/JITSignature.java
1218,src/org/jruby/ext/ffi/jffi/NativeCallbackFactory.java
1219,src/org/jruby/ext/ffi/jffi/NativeCallbackPointer.java
1220,src/org/jruby/ext/ffi/jffi/NativeClosureProxy.java
1221,src/org/jruby/ext/ffi/jffi/NativeFinalizer.java
1222,src/org/jruby/ext/ffi/jffi/NativeFunctionInfo.java
1223,src/org/jruby/ext/ffi/jffi/NativeInvoker.java
1224,src/org/jruby/ext/ffi/jffi/NativeStringHandle.java
1225,src/org/jruby/ext/ffi/jffi/NilPointerParameterStrategy.java
1226,src/org/jruby/ext/ffi/jffi/PointerParameterStrategy.java
1227,src/org/jruby/ext/ffi/jffi/Signature.java
1228,src/org/jruby/ext/ffi/jffi/TransientNativeMemoryIO.java
1229,src/org/jruby/ext/ffi/jffi/TransientStringParameterStrategy.java
1230,src/org/jruby/ext/ffi/MappedType.java
1231,src/org/jruby/ext/ffi/StructByReference.java
1232,src/org/jruby/ext/ffi/SwappedMemoryIO.java
1233,src/org/jruby/ext/fiber/CoroutineFiber.java
1234,src/org/jruby/ext/fiber/Fiber.java
1235,src/org/jruby/ext/fiber/FiberExtLibrary.java
1236,src/org/jruby/ext/fiber/ThreadFiber.java
1237,src/org/jruby/ext/iconv/RubyIconv.java
1238,src/org/jruby/ext/io/wait/IOWaitLibrary.java
1239,src/org/jruby/ext/jruby/JRubyExecutionContextLocal.java
1240,src/org/jruby/ext/jruby/JRubyLibrary.java
1241,src/org/jruby/ext/jruby/JRubyTypeLibrary.java
1242,src/org/jruby/ext/jruby/JRubyUtilLibrary.java
1243,src/org/jruby/ext/net/protocol/NetProtocolBufferedIO.java
1244,src/org/jruby/ext/net/protocol/NetProtocolBufferedIOLibrary.java
1245,src/org/jruby/ext/nkf/Command.java
1246,src/org/jruby/ext/nkf/RubyNKF.java
1247,src/org/jruby/ext/openssl/ASN1.java
1248,src/org/jruby/ext/openssl/Attribute.java
1249,src/org/jruby/ext/openssl/BN.java
1250,src/org/jruby/ext/openssl/BouncyCastlePEMHandler.java
1251,src/org/jruby/ext/openssl/Cipher.java
1252,src/org/jruby/ext/openssl/CipherStrings.java
1253,src/org/jruby/ext/openssl/Config.java
1254,src/org/jruby/ext/openssl/DefaultPEMHandler.java
1255,src/org/jruby/ext/openssl/Digest.java
1256,src/org/jruby/ext/openssl/HMAC.java
1257,src/org/jruby/ext/openssl/impl/ASN1Registry.java
1258,src/org/jruby/ext/openssl/impl/Attribute.java
1259,src/org/jruby/ext/openssl/impl/Base64.java
1260,src/org/jruby/ext/openssl/impl/Base64BIOFilter.java
1261,src/org/jruby/ext/openssl/impl/BIO.java
1262,src/org/jruby/ext/openssl/impl/BIOFilter.java
1263,src/org/jruby/ext/openssl/impl/CipherBIOFilter.java
1264,src/org/jruby/ext/openssl/impl/CipherSpec.java
1265,src/org/jruby/ext/openssl/impl/Digest.java
1266,src/org/jruby/ext/openssl/impl/EncContent.java
1267,src/org/jruby/ext/openssl/impl/Encrypt.java
1268,src/org/jruby/ext/openssl/impl/Envelope.java
1269,src/org/jruby/ext/openssl/impl/EVP.java
1270,src/org/jruby/ext/openssl/impl/IssuerAndSerial.java
1271,src/org/jruby/ext/openssl/impl/MemBIO.java
1272,src/org/jruby/ext/openssl/impl/MessageDigestBIOFilter.java
1273,src/org/jruby/ext/openssl/impl/Mime.java
1274,src/org/jruby/ext/openssl/impl/MimeHeader.java
1275,src/org/jruby/ext/openssl/impl/MimeParam.java
1276,src/org/jruby/ext/openssl/impl/NotVerifiedPKCS7Exception.java
1277,src/org/jruby/ext/openssl/impl/NullSinkBIO.java
1278,src/org/jruby/ext/openssl/impl/PKCS7.java
1279,src/org/jruby/ext/openssl/impl/PKCS7Data.java
1280,src/org/jruby/ext/openssl/impl/PKCS7DataData.java
1281,src/org/jruby/ext/openssl/impl/PKCS7DataDigest.java
1282,src/org/jruby/ext/openssl/impl/PKCS7DataEncrypted.java
1283,src/org/jruby/ext/openssl/impl/PKCS7DataEnveloped.java
1284,src/org/jruby/ext/openssl/impl/PKCS7DataSigned.java
1285,src/org/jruby/ext/openssl/impl/PKCS7DataSignedAndEnveloped.java
1286,src/org/jruby/ext/openssl/impl/PKCS7Exception.java
1287,src/org/jruby/ext/openssl/impl/PKey.java
1288,src/org/jruby/ext/openssl/impl/RecipInfo.java
1289,src/org/jruby/ext/openssl/impl/Signed.java
1290,src/org/jruby/ext/openssl/impl/SignEnvelope.java
1291,src/org/jruby/ext/openssl/impl/SignerInfoWithPkey.java
1292,src/org/jruby/ext/openssl/impl/SMIME.java
1293,src/org/jruby/ext/openssl/impl/TypeDiscriminating.java
1294,src/org/jruby/ext/openssl/NetscapeSPKI.java
1295,src/org/jruby/ext/openssl/OpenSSLImpl.java
1296,src/org/jruby/ext/openssl/OpenSSLReal.java
1297,src/org/jruby/ext/openssl/OSSLLibrary.java
1298,src/org/jruby/ext/openssl/PEMHandler.java
1299,src/org/jruby/ext/openssl/PKCS10CertificationRequestExt.java
1300,src/org/jruby/ext/openssl/PKCS7.java
1301,src/org/jruby/ext/openssl/PKey.java
1302,src/org/jruby/ext/openssl/PKeyDH.java
1303,src/org/jruby/ext/openssl/PKeyDSA.java
1304,src/org/jruby/ext/openssl/PKeyRSA.java
1305,src/org/jruby/ext/openssl/Random.java
1306,src/org/jruby/ext/openssl/Request.java
1307,src/org/jruby/ext/openssl/SimpleSecretKey.java
1308,src/org/jruby/ext/openssl/SSL.java
1309,src/org/jruby/ext/openssl/SSLContext.java
1310,src/org/jruby/ext/openssl/SSLSocket.java
1311,src/org/jruby/ext/openssl/Utils.java
1312,src/org/jruby/ext/openssl/X509.java
1313,src/org/jruby/ext/openssl/X509Cert.java
1314,src/org/jruby/ext/openssl/X509CRL.java
1315,src/org/jruby/ext/openssl/X509Extensions.java
1316,src/org/jruby/ext/openssl/X509Name.java
1317,src/org/jruby/ext/openssl/X509Revoked.java
1318,src/org/jruby/ext/openssl/X509Store.java
1319,src/org/jruby/ext/openssl/x509store/Certificate.java
1320,src/org/jruby/ext/openssl/x509store/CertificateFile.java
1321,src/org/jruby/ext/openssl/x509store/CRL.java
1322,src/org/jruby/ext/openssl/x509store/Function0.java
1323,src/org/jruby/ext/openssl/x509store/Function1.java
1324,src/org/jruby/ext/openssl/x509store/Function2.java
1325,src/org/jruby/ext/openssl/x509store/Function3.java
1326,src/org/jruby/ext/openssl/x509store/Function4.java
1327,src/org/jruby/ext/openssl/x509store/Function5.java
1328,src/org/jruby/ext/openssl/x509store/Lookup.java
1329,src/org/jruby/ext/openssl/x509store/LookupMethod.java
1330,src/org/jruby/ext/openssl/x509store/Name.java
1331,src/org/jruby/ext/openssl/x509store/PEMInputOutput.java
1332,src/org/jruby/ext/openssl/x509store/PKey.java
1333,src/org/jruby/ext/openssl/x509store/PolicyTree.java
1334,src/org/jruby/ext/openssl/x509store/Purpose.java
1335,src/org/jruby/ext/openssl/x509store/Store.java
1336,src/org/jruby/ext/openssl/x509store/StoreContext.java
1337,src/org/jruby/ext/openssl/x509store/Trust.java
1338,src/org/jruby/ext/openssl/x509store/VerifyParameter.java
1339,src/org/jruby/ext/openssl/x509store/X509Aux.java
1340,src/org/jruby/ext/openssl/x509store/X509AuxCertificate.java
1341,src/org/jruby/ext/openssl/x509store/X509Error.java
1342,src/org/jruby/ext/openssl/x509store/X509Object.java
1343,src/org/jruby/ext/openssl/x509store/X509Utils.java
1344,src/org/jruby/ext/openssl/X509StoreCtx.java
1345,src/org/jruby/ext/psych/PsychEmitter.java
1346,src/org/jruby/ext/psych/PsychParser.java
1347,src/org/jruby/ext/psych/PsychToRuby.java
1348,src/org/jruby/ext/psych/PsychYamlTree.java
1349,src/org/jruby/ext/rbconfig/RbConfigLibrary.java
1350,src/org/jruby/ext/socket/Addrinfo.java
1351,src/org/jruby/ext/socket/MulticastStateManager.java
1352,src/org/jruby/ext/socket/Option.java
1353,src/org/jruby/ext/socket/RubyServerSocket.java
1354,src/org/jruby/ext/socket/SocketLibrary.java
1355,src/org/jruby/ext/socket/SocketType.java
1356,src/org/jruby/ext/socket/SocketUtils.java
1357,src/org/jruby/ext/stringio/RubyStringIO.java
1358,src/org/jruby/ext/strscan/RubyStringScanner.java
1359,src/org/jruby/ext/tempfile/Tempfile.java
1360,src/org/jruby/ext/tempfile/TempfileLibrary.java
1361,src/org/jruby/ext/thread/ConditionVariable.java
1362,src/org/jruby/ext/thread/Mutex.java
1363,src/org/jruby/ext/thread/Queue.java
1364,src/org/jruby/ext/timeout/Timeout.java
1365,src/org/jruby/ext/weakref/WeakRef.java
1366,src/org/jruby/ext/weakref/WeakRefLibrary.java
1367,src/org/jruby/ext/zlib/RubyZlib.java
1368,src/org/jruby/ext/zlib/Zlib.java
1369,src/org/jruby/internal/runtime/methods/CacheableMethod.java
1370,src/org/jruby/internal/runtime/methods/CompiledIRMethod.java
1371,src/org/jruby/internal/runtime/methods/DelegatingDynamicMethod.java
1372,src/org/jruby/internal/runtime/methods/InterpretedIRMethod.java
1373,src/org/jruby/internal/runtime/methods/IRMethodArgs.java
1374,src/org/jruby/internal/runtime/methods/ProfilingDynamicMethod.java
1375,src/org/jruby/ir/CodeVersion.java
1376,src/org/jruby/ir/Counter.java
1377,src/org/jruby/ir/dataflow/analyses/LiveVariableNode.java
1378,src/org/jruby/ir/dataflow/analyses/LiveVariablesProblem.java
1379,src/org/jruby/ir/dataflow/analyses/LoadLocalVarPlacementNode.java
1380,src/org/jruby/ir/dataflow/analyses/LoadLocalVarPlacementProblem.java
1381,src/org/jruby/ir/dataflow/analyses/StoreLocalVarPlacementNode.java
1382,src/org/jruby/ir/dataflow/analyses/StoreLocalVarPlacementProblem.java
1383,src/org/jruby/ir/dataflow/DataFlowConstants.java
1384,src/org/jruby/ir/dataflow/DataFlowProblem.java
1385,src/org/jruby/ir/dataflow/DataFlowVar.java
1386,src/org/jruby/ir/dataflow/FlowGraphNode.java
1387,src/org/jruby/ir/instructions/AliasInstr.java
1388,src/org/jruby/ir/instructions/AttrAssignInstr.java
1389,src/org/jruby/ir/instructions/BEQInstr.java
1390,src/org/jruby/ir/instructions/BFalseInstr.java
1391,src/org/jruby/ir/instructions/BlockGivenInstr.java
1392,src/org/jruby/ir/instructions/BNEInstr.java
1393,src/org/jruby/ir/instructions/BNilInstr.java
1394,src/org/jruby/ir/instructions/BranchInstr.java
1395,src/org/jruby/ir/instructions/BreakInstr.java
1396,src/org/jruby/ir/instructions/BTrueInstr.java
1397,src/org/jruby/ir/instructions/BUndefInstr.java
1398,src/org/jruby/ir/instructions/calladapter/AttrAssignCallAdapter.java
1399,src/org/jruby/ir/instructions/calladapter/CallAdapter.java
1400,src/org/jruby/ir/instructions/calladapter/ClosureCallAdapter.java
1401,src/org/jruby/ir/instructions/calladapter/FourArgNoBlockConstantCallAdapter.java
1402,src/org/jruby/ir/instructions/calladapter/FourArgNoBlockOperandCallAdapter.java
1403,src/org/jruby/ir/instructions/calladapter/NoArgNoBlockOperandCallAdapter.java
1404,src/org/jruby/ir/instructions/calladapter/OneArgBlockOperandCallAdapter.java
1405,src/org/jruby/ir/instructions/calladapter/OneArgNoBlockConstantCallAdapter.java
1406,src/org/jruby/ir/instructions/calladapter/OneArgNoBlockOperandCallAdapter.java
1407,src/org/jruby/ir/instructions/calladapter/ThreeArgBlockOperandCallAdapter.java
1408,src/org/jruby/ir/instructions/calladapter/ThreeArgNoBlockConstantCallAdapter.java
1409,src/org/jruby/ir/instructions/calladapter/ThreeArgNoBlockOperandCallAdapter.java
1410,src/org/jruby/ir/instructions/calladapter/TwoArgBlockOperandCallAdapter.java
1411,src/org/jruby/ir/instructions/calladapter/TwoArgNoBlockConstantCallAdapter.java
1412,src/org/jruby/ir/instructions/calladapter/TwoArgNoBlockOperandCallAdapter.java
1413,src/org/jruby/ir/instructions/CallBase.java
1414,src/org/jruby/ir/instructions/CallInstr.java
1415,src/org/jruby/ir/instructions/CheckArgsArrayArityInstr.java
1416,src/org/jruby/ir/instructions/CheckArityInstr.java
1417,src/org/jruby/ir/instructions/ClassSuperInstr.java
1418,src/org/jruby/ir/instructions/ClosureReturnInstr.java
1419,src/org/jruby/ir/instructions/ConstMissingInstr.java
1420,src/org/jruby/ir/instructions/CopyInstr.java
1421,src/org/jruby/ir/instructions/DefineClassInstr.java
1422,src/org/jruby/ir/instructions/DefineClassMethodInstr.java
1423,src/org/jruby/ir/instructions/defined/BackrefIsMatchDataInstr.java
1424,src/org/jruby/ir/instructions/defined/ClassVarIsDefinedInstr.java
1425,src/org/jruby/ir/instructions/defined/DefinedInstr.java
1426,src/org/jruby/ir/instructions/defined/DefinedObjectNameInstr.java
1427,src/org/jruby/ir/instructions/defined/GetBackrefInstr.java
1428,src/org/jruby/ir/instructions/defined/GetDefinedConstantOrMethodInstr.java
1429,src/org/jruby/ir/instructions/defined/GetErrorInfoInstr.java
1430,src/org/jruby/ir/instructions/defined/GlobalIsDefinedInstr.java
1431,src/org/jruby/ir/instructions/defined/HasInstanceVarInstr.java
1432,src/org/jruby/ir/instructions/defined/IsMethodBoundInstr.java
1433,src/org/jruby/ir/instructions/defined/MethodDefinedInstr.java
1434,src/org/jruby/ir/instructions/defined/MethodIsPublicInstr.java
1435,src/org/jruby/ir/instructions/defined/RestoreErrorInfoInstr.java
1436,src/org/jruby/ir/instructions/defined/SetWithinDefinedInstr.java
1437,src/org/jruby/ir/instructions/defined/SuperMethodBoundInstr.java
1438,src/org/jruby/ir/instructions/DefineInstanceMethodInstr.java
1439,src/org/jruby/ir/instructions/DefineMetaClassInstr.java
1440,src/org/jruby/ir/instructions/DefineModuleInstr.java
1441,src/org/jruby/ir/instructions/EnsureRubyArrayInstr.java
1442,src/org/jruby/ir/instructions/EQQInstr.java
1443,src/org/jruby/ir/instructions/ExceptionRegionEndMarkerInstr.java
1444,src/org/jruby/ir/instructions/ExceptionRegionStartMarkerInstr.java
1445,src/org/jruby/ir/instructions/GetClassVarContainerModuleInstr.java
1446,src/org/jruby/ir/instructions/GetClassVariableInstr.java
1447,src/org/jruby/ir/instructions/GetFieldInstr.java
1448,src/org/jruby/ir/instructions/GetGlobalVariableInstr.java
1449,src/org/jruby/ir/instructions/GetInstr.java
1450,src/org/jruby/ir/instructions/GVarAliasInstr.java
1451,src/org/jruby/ir/instructions/InheritanceSearchConstInstr.java
1452,src/org/jruby/ir/instructions/InstanceOfInstr.java
1453,src/org/jruby/ir/instructions/InstanceSuperInstr.java
1454,src/org/jruby/ir/instructions/Instr.java
1455,src/org/jruby/ir/instructions/JumpIndirectInstr.java
1456,src/org/jruby/ir/instructions/JumpInstr.java
1457,src/org/jruby/ir/instructions/LabelInstr.java
1458,src/org/jruby/ir/instructions/LexicalSearchConstInstr.java
1459,src/org/jruby/ir/instructions/LineNumberInstr.java
1460,src/org/jruby/ir/instructions/LoadLocalVarInstr.java
1461,src/org/jruby/ir/instructions/Match2Instr.java
1462,src/org/jruby/ir/instructions/Match3Instr.java
1463,src/org/jruby/ir/instructions/MatchInstr.java
1464,src/org/jruby/ir/instructions/MethodLookupInstr.java
1465,src/org/jruby/ir/instructions/ModuleVersionGuardInstr.java
1466,src/org/jruby/ir/instructions/MultipleAsgnBase.java
1467,src/org/jruby/ir/instructions/NopInstr.java
1468,src/org/jruby/ir/instructions/NoResultCallInstr.java
1469,src/org/jruby/ir/instructions/NotInstr.java
1470,src/org/jruby/ir/instructions/OptArgMultipleAsgnInstr.java
1471,src/org/jruby/ir/instructions/PopBindingInstr.java
1472,src/org/jruby/ir/instructions/ProcessModuleBodyInstr.java
1473,src/org/jruby/ir/instructions/PushBindingInstr.java
1474,src/org/jruby/ir/instructions/PutClassVariableInstr.java
1475,src/org/jruby/ir/instructions/PutConstInstr.java
1476,src/org/jruby/ir/instructions/PutFieldInstr.java
1477,src/org/jruby/ir/instructions/PutGlobalVarInstr.java
1478,src/org/jruby/ir/instructions/PutInstr.java
1479,src/org/jruby/ir/instructions/RaiseArgumentErrorInstr.java
1480,src/org/jruby/ir/instructions/ReceiveArgBase.java
1481,src/org/jruby/ir/instructions/ReceiveClosureInstr.java
1482,src/org/jruby/ir/instructions/ReceiveExceptionInstr.java
1483,src/org/jruby/ir/instructions/ReceiveOptArgBase.java
1484,src/org/jruby/ir/instructions/ReceivePreReqdArgInstr.java
1485,src/org/jruby/ir/instructions/ReceiveRestArgBase.java
1486,src/org/jruby/ir/instructions/ReceiveSelfInstr.java
1487,src/org/jruby/ir/instructions/RecordEndBlockInstr.java
1488,src/org/jruby/ir/instructions/ReqdArgMultipleAsgnInstr.java
1489,src/org/jruby/ir/instructions/RescueEQQInstr.java
1490,src/org/jruby/ir/instructions/RestArgMultipleAsgnInstr.java
1491,src/org/jruby/ir/instructions/ResultInstr.java
1492,src/org/jruby/ir/instructions/ReturnBase.java
1493,src/org/jruby/ir/instructions/ReturnInstr.java
1494,src/org/jruby/ir/instructions/ruby18/ReceiveOptArgInstr18.java
1495,src/org/jruby/ir/instructions/ruby18/ReceiveRestArgInstr18.java
1496,src/org/jruby/ir/instructions/ruby19/BuildLambdaInstr.java
1497,src/org/jruby/ir/instructions/ruby19/GetEncodingInstr.java
1498,src/org/jruby/ir/instructions/ruby19/ReceiveOptArgInstr19.java
1499,src/org/jruby/ir/instructions/ruby19/ReceivePostReqdArgInstr.java
1500,src/org/jruby/ir/instructions/ruby19/ReceiveRestArgInstr19.java
1501,src/org/jruby/ir/instructions/SearchConstInstr.java
1502,src/org/jruby/ir/instructions/SetReturnAddressInstr.java
1503,src/org/jruby/ir/instructions/Specializeable.java
1504,src/org/jruby/ir/instructions/specialized/OneArgOperandAttrAssignInstr.java
1505,src/org/jruby/ir/instructions/specialized/OneFixnumArgNoBlockCallInstr.java
1506,src/org/jruby/ir/instructions/specialized/OneOperandArgNoBlockCallInstr.java
1507,src/org/jruby/ir/instructions/specialized/OneOperandArgNoBlockNoResultCallInstr.java
1508,src/org/jruby/ir/instructions/specialized/ZeroOperandArgNoBlockCallInstr.java
1509,src/org/jruby/ir/instructions/StoreLocalVarInstr.java
1510,src/org/jruby/ir/instructions/ThreadPollInstr.java
1511,src/org/jruby/ir/instructions/ThrowExceptionInstr.java
1512,src/org/jruby/ir/instructions/ToAryInstr.java
1513,src/org/jruby/ir/instructions/UndefMethodInstr.java
1514,src/org/jruby/ir/instructions/UnresolvedSuperInstr.java
1515,src/org/jruby/ir/instructions/YieldInstr.java
1516,src/org/jruby/ir/instructions/ZSuperInstr.java
1517,src/org/jruby/ir/Interp.java
1518,src/org/jruby/ir/interpreter/InlineMethodHint.java
1519,src/org/jruby/ir/interpreter/Interpreter.java
1520,src/org/jruby/ir/interpreter/IRBreakJump.java
1521,src/org/jruby/ir/interpreter/IRReturnJump.java
1522,src/org/jruby/ir/IRBuilder.java
1523,src/org/jruby/ir/IRBuilder19.java
1524,src/org/jruby/ir/IRClassBody.java
1525,src/org/jruby/ir/IRClosure.java
1526,src/org/jruby/ir/IREvalScript.java
1527,src/org/jruby/ir/IRLoop.java
1528,src/org/jruby/ir/IRManager.java
1529,src/org/jruby/ir/IRMetaClassBody.java
1530,src/org/jruby/ir/IRMethod.java
1531,src/org/jruby/ir/IRModuleBody.java
1532,src/org/jruby/ir/IRScope.java
1533,src/org/jruby/ir/IRScriptBody.java
1534,src/org/jruby/ir/IRVisitor.java
1535,src/org/jruby/ir/operands/Array.java
1536,src/org/jruby/ir/operands/AsString.java
1537,src/org/jruby/ir/operands/Attribute.java
1538,src/org/jruby/ir/operands/Backref.java
1539,src/org/jruby/ir/operands/BacktickString.java
1540,src/org/jruby/ir/operands/Bignum.java
1541,src/org/jruby/ir/operands/BooleanLiteral.java
1542,src/org/jruby/ir/operands/ClosureLocalVariable.java
1543,src/org/jruby/ir/operands/CompoundArray.java
1544,src/org/jruby/ir/operands/CompoundString.java
1545,src/org/jruby/ir/operands/CurrentScope.java
1546,src/org/jruby/ir/operands/DynamicSymbol.java
1547,src/org/jruby/ir/operands/Fixnum.java
1548,src/org/jruby/ir/operands/Float.java
1549,src/org/jruby/ir/operands/GlobalVariable.java
1550,src/org/jruby/ir/operands/Hash.java
1551,src/org/jruby/ir/operands/ImmutableLiteral.java
1552,src/org/jruby/ir/operands/IRException.java
1553,src/org/jruby/ir/operands/KeyValuePair.java
1554,src/org/jruby/ir/operands/Label.java
1555,src/org/jruby/ir/operands/LocalVariable.java
1556,src/org/jruby/ir/operands/MethAddr.java
1557,src/org/jruby/ir/operands/MethodHandle.java
1558,src/org/jruby/ir/operands/Nil.java
1559,src/org/jruby/ir/operands/NthRef.java
1560,src/org/jruby/ir/operands/ObjectClass.java
1561,src/org/jruby/ir/operands/Operand.java
1562,src/org/jruby/ir/operands/Range.java
1563,src/org/jruby/ir/operands/Reference.java
1564,src/org/jruby/ir/operands/Regexp.java
1565,src/org/jruby/ir/operands/ScopeModule.java
1566,src/org/jruby/ir/operands/Self.java
1567,src/org/jruby/ir/operands/Splat.java
1568,src/org/jruby/ir/operands/StandardError.java
1569,src/org/jruby/ir/operands/StringLiteral.java
1570,src/org/jruby/ir/operands/SValue.java
1571,src/org/jruby/ir/operands/Symbol.java
1572,src/org/jruby/ir/operands/TemporaryClosureVariable.java
1573,src/org/jruby/ir/operands/TemporaryVariable.java
1574,src/org/jruby/ir/operands/UndefinedValue.java
1575,src/org/jruby/ir/operands/UnexecutableNil.java
1576,src/org/jruby/ir/operands/Variable.java
1577,src/org/jruby/ir/operands/WrappedIRClosure.java
1578,src/org/jruby/ir/Operation.java
1579,src/org/jruby/ir/passes/AddCallProtocolInstructions.java
1580,src/org/jruby/ir/passes/AddLocalVarLoadStoreInstructions.java
1581,src/org/jruby/ir/passes/BasicCompilerPassListener.java
1582,src/org/jruby/ir/passes/CallSplitter.java
1583,src/org/jruby/ir/passes/CFGBuilder.java
1584,src/org/jruby/ir/passes/CompilerPass.java
1585,src/org/jruby/ir/passes/CompilerPassListener.java
1586,src/org/jruby/ir/passes/DeadCodeElimination.java
1587,src/org/jruby/ir/passes/DominatorTreeBuilder.java
1588,src/org/jruby/ir/passes/LinearizeCFG.java
1589,src/org/jruby/ir/passes/LiveVariableAnalysis.java
1590,src/org/jruby/ir/passes/LocalOptimizationPass.java
1591,src/org/jruby/ir/passes/OptimizeTempVarsPass.java
1592,src/org/jruby/ir/representations/BasicBlock.java
1593,src/org/jruby/ir/representations/CFG.java
1594,src/org/jruby/ir/representations/CFGLinearizer.java
1595,src/org/jruby/ir/representations/ExceptionRegion.java
1596,src/org/jruby/ir/targets/Bootstrap.java
1597,src/org/jruby/ir/targets/ClassData.java
1598,src/org/jruby/ir/targets/IRBytecodeAdapter.java
1599,src/org/jruby/ir/targets/JDK6.java
1600,src/org/jruby/ir/targets/JVM.java
1601,src/org/jruby/ir/targets/JVMVisitor.java
1602,src/org/jruby/ir/targets/MethodData.java
1603,src/org/jruby/ir/transformations/inlining/CFGInliner.java
1604,src/org/jruby/ir/transformations/inlining/InlinerInfo.java
1605,src/org/jruby/ir/Tuple.java
1606,src/org/jruby/ir/util/DataIterable.java
1607,src/org/jruby/ir/util/DataIterator.java
1608,src/org/jruby/ir/util/DirectedGraph.java
1609,src/org/jruby/ir/util/Edge.java
1610,src/org/jruby/ir/util/EdgeTypeIterable.java
1611,src/org/jruby/ir/util/EdgeTypeIterator.java
1612,src/org/jruby/ir/util/ExplicitVertexID.java
1613,src/org/jruby/ir/util/Vertex.java
1614,src/org/jruby/JarBootstrapMain.java
1615,src/org/jruby/java/codegen/Reified.java
1616,src/org/jruby/java/invokers/SingletonMethodInvoker.java
1617,src/org/jruby/java/proxies/ClassValueProxyCache.java
1618,src/org/jruby/java/proxies/MapBasedProxyCache.java
1619,src/org/jruby/java/proxies/MapJavaProxy.java
1620,src/org/jruby/java/proxies/ProxyCache.java
1621,src/org/jruby/java/util/SystemPropertiesMap.java
1622,src/org/jruby/lexer/yacc/KeywordMatch.java
1623,src/org/jruby/management/Runtime.java
1624,src/org/jruby/parser/IRStaticScope.java
1625,src/org/jruby/parser/IRStaticScopeFactory.java
1626,src/org/jruby/parser/ParserState.java
1627,src/org/jruby/parser/StaticScopeFactory.java
1628,src/org/jruby/runtime/backtrace/BacktraceData.java
1629,src/org/jruby/runtime/backtrace/FrameType.java
1630,src/org/jruby/runtime/backtrace/RubyStackTraceElement.java
1631,src/org/jruby/runtime/backtrace/TraceType.java
1632,src/org/jruby/runtime/InterpretedIRBlockBody.java
1633,src/org/jruby/runtime/InterpretedIRBlockBody19.java
1634,src/org/jruby/runtime/invokedynamic/InvocationLinker.java
1635,src/org/jruby/runtime/invokedynamic/JRubyCallSite.java
1636,src/org/jruby/runtime/invokedynamic/MathLinker.java
1637,src/org/jruby/runtime/invokedynamic/RubyConstantCallSite.java
1638,src/org/jruby/runtime/invokedynamic/VariableSite.java
1639,src/org/jruby/runtime/JavaInternalBlockBody.java
1640,src/org/jruby/runtime/load/CExtension.java
1641,src/org/jruby/runtime/opto/Invalidator.java
1642,src/org/jruby/runtime/opto/ObjectIdentityInvalidator.java
1643,src/org/jruby/runtime/opto/SwitchPointInvalidator.java
1644,src/org/jruby/runtime/profile/AbstractProfilePrinter.java
1645,src/org/jruby/runtime/profile/FlatProfilePrinter.java
1646,src/org/jruby/runtime/profile/GraphProfilePrinter.java
1647,src/org/jruby/runtime/profile/HtmlProfilePrinter.java
1648,src/org/jruby/runtime/profile/Invocation.java
1649,src/org/jruby/runtime/profile/InvocationSet.java
1650,src/org/jruby/runtime/profile/IProfileData.java
1651,src/org/jruby/runtime/profile/MethodData.java
1652,src/org/jruby/runtime/profile/ProfileData.java
1653,src/org/jruby/runtime/scope/SharedBindingDynamicScope.java
1654,src/org/jruby/util/ArraysUtil.java
1655,src/org/jruby/util/cli/ArgumentProcessor.java
1656,src/org/jruby/util/cli/BooleanOption.java
1657,src/org/jruby/util/cli/Category.java
1658,src/org/jruby/util/cli/IntegerOption.java
1659,src/org/jruby/util/cli/Option.java
1660,src/org/jruby/util/cli/Options.java
1661,src/org/jruby/util/cli/OutputStrings.java
1662,src/org/jruby/util/cli/StringOption.java
1663,src/org/jruby/util/collections/StringArraySet.java
1664,src/org/jruby/util/collections/WeakValuedIdentityMap.java
1665,src/org/jruby/util/FileResource.java
1666,src/org/jruby/util/io/EncodingOption.java
1667,src/org/jruby/util/io/IOOptions.java
1668,src/org/jruby/util/io/SelectBlob.java
1669,src/org/jruby/util/io/SelectorPool.java
1670,src/org/jruby/util/io/Sockaddr.java
1671,src/org/jruby/util/JarFileResource.java
1672,src/org/jruby/util/log/JavaUtilLoggingLogger.java
1673,src/org/jruby/util/log/Logger.java
1674,src/org/jruby/util/log/LoggerFactory.java
1675,src/org/jruby/util/log/ParameterizedWriter.java
1676,src/org/jruby/util/log/StandardErrorLogger.java
1677,src/org/jruby/util/MurmurHash.java
1678,src/org/jruby/util/OSEnvironment.java
1679,src/org/jruby/util/PhantomReferenceReaper.java
1680,src/org/jruby/util/RegexpOptions.java
1681,src/org/jruby/util/SafeDecimalParser.java
1682,src/org/jruby/util/SafeDoubleParser.java
1683,src/org/jruby/util/SafeFloatParser.java
1684,src/org/jruby/util/SoftReferenceReaper.java
1685,src/org/jruby/util/unsafe/UnsafeGetter.java
1686,src/org/jruby/util/URLUtil.java
1687,src/org/jruby/util/WeakReferenceReaper.java
1688,src/org/jruby/util/WindowsFFI.java
1689,test/org/jruby/embed/internal/BiVariableMapTest.java
1690,test/org/jruby/embed/internal/ConcurrentLocalContextProviderTest.java
1691,test/org/jruby/embed/internal/SingleThreadLocalContextProviderTest.java
1692,test/org/jruby/embed/internal/ThreadSafeLocalContextProviderTest.java
1693,test/org/jruby/test/TestRecursiveCheck.java
1694,test/org/jruby/test/TestRubyNKF.java
1695,test/org/jruby/test/TestRubyRational.java
1696,test/org/jruby/util/MurmurHashTest.java
