0,experimental/groovy/lang/MOP.java
1,experimental/groovy/lang/NewMetaClass.java
2,experimental/org/codehaus/groovy/runtime/MetaClassActions.java
3,experimental/org/codehaus/groovy/runtime/MetaClassActionsGenerator.java
4,experimental/org/codehaus/groovy/runtimemetaclassactionssupport/DefaultGroovyInstanceMethodGenerator.java
5,experimental/org/codehaus/groovy/runtimemetaclassactionssupport/DefaultGroovyStaticMethodGenerator.java
6,experimental/org/codehaus/groovy/runtimemetaclassactionssupport/InstanceMethodGenerator.java
7,experimental/org/codehaus/groovy/runtimemetaclassactionssupport/MethodGenerator.java
8,experimental/org/codehaus/groovy/runtimemetaclassactionssupport/OverloadedMethodsGenerator.java
9,experimental/org/codehaus/groovy/runtimemetaclassactionssupport/ReflectionMethodGenerator.java
10,experimental/org/codehaus/groovy/runtimemetaclassactionssupport/StaticMethodGenerator.java
11,experimental/TestMeta.java
12,src/examples/groovy/j2ee/J2eeConsole.java
13,src/examples/groovy/swing/Demo.java
14,src/examples/groovy/swing/MyTableModel.java
15,src/examples/org/codehaus/groovy/grails/compiler/injection/DefaultGrailsDomainClassInjector.java
16,src/examples/org/codehaus/groovy/grails/compiler/injection/DomainClass.java
17,src/examples/swing/binding/caricature/JCaricature.java
18,src/main/groovy/beans/Bindable.java
19,src/main/groovy/beans/BindableASTTransformation.java
20,src/main/groovy/beans/Vetoable.java
21,src/main/groovy/beans/VetoableASTTransformation.java
22,src/main/groovy/inspect/Inspector.java
23,src/main/groovy/inspect/swingui/TableMap.java
24,src/main/groovy/inspect/swingui/TableSorter.java
25,src/main/groovy/io/EncodingAwareBufferedWriter.java
26,src/main/groovy/io/PlatformLineWriter.java
27,src/main/groovy/lang/AdaptingMetaClass.java
28,src/main/groovy/lang/BenchmarkInterceptor.java
29,src/main/groovy/lang/Binding.java
30,src/main/groovy/lang/Buildable.java
31,src/main/groovy/lang/Closure.java
32,src/main/groovy/lang/ClosureException.java
33,src/main/groovy/lang/ClosureInvokingMethod.java
34,src/main/groovy/lang/DelegatingMetaClass.java
35,src/main/groovy/lang/DeprecationException.java
36,src/main/groovy/lang/EmptyRange.java
37,src/main/groovy/lang/ExpandoMetaClass.java
38,src/main/groovy/lang/ExpandoMetaClassCreationHandle.java
39,src/main/groovy/lang/GroovyClassLoader.java
40,src/main/groovy/lang/GroovyCodeSource.java
41,src/main/groovy/lang/GroovyInterceptable.java
42,src/main/groovy/lang/GroovyObject.java
43,src/main/groovy/lang/GroovyObjectSupport.java
44,src/main/groovy/lang/GroovyResourceLoader.java
45,src/main/groovy/lang/GroovyRuntimeException.java
46,src/main/groovy/lang/GroovyShell.java
47,src/main/groovy/lang/GroovySystem.java
48,src/main/groovy/lang/GString.java
49,src/main/groovy/lang/IllegalPropertyAccessException.java
50,src/main/groovy/lang/IncorrectClosureArgumentsException.java
51,src/main/groovy/lang/Interceptor.java
52,src/main/groovy/lang/IntRange.java
53,src/main/groovy/lang/MetaArrayLengthProperty.java
54,src/main/groovy/lang/MetaBeanProperty.java
55,src/main/groovy/lang/MetaClass.java
56,src/main/groovy/lang/MetaClassImpl.java
57,src/main/groovy/lang/MetaClassRegistry.java
58,src/main/groovy/lang/MetaExpandoProperty.java
59,src/main/groovy/lang/MetaMethod.java
60,src/main/groovy/lang/MetaObjectProtocol.java
61,src/main/groovy/lang/MetaProperty.java
62,src/main/groovy/lang/MissingClassException.java
63,src/main/groovy/lang/MissingFieldException.java
64,src/main/groovy/lang/MissingMethodException.java
65,src/main/groovy/lang/MissingPropertyException.java
66,src/main/groovy/lang/Mixin.java
67,src/main/groovy/lang/MutableMetaClass.java
68,src/main/groovy/lang/NonEmptySequence.java
69,src/main/groovy/lang/ObjectRange.java
70,src/main/groovy/lang/ParameterArray.java
71,src/main/groovy/lang/PropertyAccessInterceptor.java
72,src/main/groovy/lang/PropertyValue.java
73,src/main/groovy/lang/ProxyMetaClass.java
74,src/main/groovy/lang/Range.java
75,src/main/groovy/lang/ReadOnlyPropertyException.java
76,src/main/groovy/lang/Reference.java
77,src/main/groovy/lang/Script.java
78,src/main/groovy/lang/Sequence.java
79,src/main/groovy/lang/SpreadListEvaluatingException.java
80,src/main/groovy/lang/SpreadMap.java
81,src/main/groovy/lang/SpreadMapEvaluatingException.java
82,src/main/groovy/lang/StringWriterIOException.java
83,src/main/groovy/lang/TracingInterceptor.java
84,src/main/groovy/lang/Tuple.java
85,src/main/groovy/lang/Writable.java
86,src/main/groovy/mock/interceptor/MockProxyMetaClass.java
87,src/main/groovy/model/ClosureModel.java
88,src/main/groovy/model/DefaultTableColumn.java
89,src/main/groovy/model/DefaultTableModel.java
90,src/main/groovy/model/FormModel.java
91,src/main/groovy/model/NestedValueModel.java
92,src/main/groovy/model/PropertyModel.java
93,src/main/groovy/model/ValueHolder.java
94,src/main/groovy/model/ValueModel.java
95,src/main/groovy/security/GroovyCodeSourcePermission.java
96,src/main/groovy/servlet/AbstractHttpServlet.java
97,src/main/groovy/servlet/GroovyServlet.java
98,src/main/groovy/servlet/ServletBinding.java
99,src/main/groovy/servlet/ServletCategory.java
100,src/main/groovy/servlet/TemplateServlet.java
101,src/main/groovy/sql/CallResultSet.java
102,src/main/groovy/sql/DataSet.java
103,src/main/groovy/sql/ExpandedVariable.java
104,src/main/groovy/sql/GroovyResultSet.java
105,src/main/groovy/sql/GroovyResultSetExtension.java
106,src/main/groovy/sql/GroovyResultSetProxy.java
107,src/main/groovy/sql/GroovyRowResult.java
108,src/main/groovy/sql/InOutParameter.java
109,src/main/groovy/sql/InParameter.java
110,src/main/groovy/sql/OutParameter.java
111,src/main/groovy/sql/ResultSetOutParameter.java
112,src/main/groovy/sql/Sql.java
113,src/main/groovy/sql/SqlOrderByVisitor.java
114,src/main/groovy/sql/SqlWhereVisitor.java
115,src/main/groovy/swing/binding/AbstractButtonProperties.java
116,src/main/groovy/swing/binding/JScrollBarProperties.java
117,src/main/groovy/swing/binding/JSliderProperties.java
118,src/main/groovy/swing/binding/JTextComponentProperties.java
119,src/main/groovy/swing/impl/ComponentFacade.java
120,src/main/groovy/swing/impl/ContainerFacade.java
121,src/main/groovy/swing/impl/DefaultAction.java
122,src/main/groovy/swing/impl/Startable.java
123,src/main/groovy/swing/impl/TableLayout.java
124,src/main/groovy/swing/impl/TableLayoutCell.java
125,src/main/groovy/swing/impl/TableLayoutRow.java
126,src/main/groovy/text/GStringTemplateEngine.java
127,src/main/groovy/text/RegexUtils.java
128,src/main/groovy/text/SimpleTemplateEngine.java
129,src/main/groovy/text/Template.java
130,src/main/groovy/text/TemplateEngine.java
131,src/main/groovy/text/XmlTemplateEngine.java
132,src/main/groovy/time/BaseDuration.java
133,src/main/groovy/time/DatumDependentDuration.java
134,src/main/groovy/time/Duration.java
135,src/main/groovy/time/TimeDatumDependentDuration.java
136,src/main/groovy/time/TimeDuration.java
137,src/main/groovy/ui/ConsoleSupport.java
138,src/main/groovy/ui/ConsoleTextEditor.java
139,src/main/groovy/ui/GroovyMain.java
140,src/main/groovy/ui/GroovySocketServer.java
141,src/main/groovy/ui/InteractiveShell.java
142,src/main/groovy/ui/SystemOutputInterceptor.java
143,src/main/groovy/ui/text/FindReplaceUtility.java
144,src/main/groovy/ui/text/GroovyFilter.java
145,src/main/groovy/ui/text/StructuredSyntaxDocumentFilter.java
146,src/main/groovy/ui/text/StructuredSyntaxHandler.java
147,src/main/groovy/ui/text/StructuredSyntaxResources.java
148,src/main/groovy/ui/text/TextEditor.java
149,src/main/groovy/ui/text/TextUndoManager.java
150,src/main/groovy/util/AbstractFactory.java
151,src/main/groovy/util/AllTestSuite.java
152,src/main/groovy/util/AntBuilder.java
153,src/main/groovy/util/BuilderSupport.java
154,src/main/groovy/util/CharsetToolkit.java
155,src/main/groovy/util/ClosureComparator.java
156,src/main/groovy/util/Eval.java
157,src/main/groovy/util/Expando.java
158,src/main/groovy/util/Factory.java
159,src/main/groovy/util/FactoryBuilderSupport.java
160,src/main/groovy/util/GroovyCollections.java
161,src/main/groovy/util/GroovyLog.java
162,src/main/groovy/util/GroovyMBean.java
163,src/main/groovy/util/GroovyScriptEngine.java
164,src/main/groovy/util/GroovyTestCase.java
165,src/main/groovy/util/GroovyTestSuite.java
166,src/main/groovy/util/IFileNameFinder.java
167,src/main/groovy/util/IndentPrinter.java
168,src/main/groovy/util/MapEntry.java
169,src/main/groovy/util/Node.java
170,src/main/groovy/util/NodeBuilder.java
171,src/main/groovy/util/NodeList.java
172,src/main/groovy/util/NodePrinter.java
173,src/main/groovy/util/ObjectGraphBuilder.java
174,src/main/groovy/util/ObservableMap.java
175,src/main/groovy/util/OrderBy.java
176,src/main/groovy/util/Proxy.java
177,src/main/groovy/util/ProxyGenerator.java
178,src/main/groovy/util/ResourceConnector.java
179,src/main/groovy/util/ResourceException.java
180,src/main/groovy/util/ScriptException.java
181,src/main/groovy/util/slurpersupport/Attribute.java
182,src/main/groovy/util/slurpersupport/Attributes.java
183,src/main/groovy/util/slurpersupport/FilteredAttributes.java
184,src/main/groovy/util/slurpersupport/FilteredNodeChildren.java
185,src/main/groovy/util/slurpersupport/GPathResult.java
186,src/main/groovy/util/slurpersupport/NoChildren.java
187,src/main/groovy/util/slurpersupport/Node.java
188,src/main/groovy/util/slurpersupport/NodeChild.java
189,src/main/groovy/util/slurpersupport/NodeChildren.java
190,src/main/groovy/util/slurpersupport/NodeIterator.java
191,src/main/groovy/util/slurpersupport/ReplacementNode.java
192,src/main/groovy/util/XmlNodePrinter.java
193,src/main/groovy/util/XmlParser.java
194,src/main/groovy/util/XmlSlurper.java
195,src/main/groovy/xml/dom/DOMCategory.java
196,src/main/groovy/xml/dom/DOMUtil.java
197,src/main/groovy/xml/DOMBuilder.java
198,src/main/groovy/xml/FactorySupport.java
199,src/main/groovy/xml/MarkupBuilder.java
200,src/main/groovy/xml/Namespace.java
201,src/main/groovy/xml/NamespaceBuilder.java
202,src/main/groovy/xml/NamespaceBuilderSupport.java
203,src/main/groovy/xml/QName.java
204,src/main/groovy/xml/SAXBuilder.java
205,src/main/groovy/xml/streamingmarkupsupport/BaseMarkupBuilder.java
206,src/main/groovy/xml/streamingmarkupsupport/Builder.java
207,src/main/groovy/xml/streamingmarkupsupport/StreamingMarkupWriter.java
208,src/main/org/codehaus/groovy/ant/AntProjectPropertiesDelegate.java
209,src/main/org/codehaus/groovy/ant/CompileTaskSupport.java
210,src/main/org/codehaus/groovy/ant/FileIterator.java
211,src/main/org/codehaus/groovy/ant/FileScanner.java
212,src/main/org/codehaus/groovy/ant/GenerateStubsTask.java
213,src/main/org/codehaus/groovy/ant/Groovy.java
214,src/main/org/codehaus/groovy/ant/Groovyc.java
215,src/main/org/codehaus/groovy/ant/GroovycTask.java
216,src/main/org/codehaus/groovy/ant/Groovydoc.java
217,src/main/org/codehaus/groovy/ant/LoggingHelper.java
218,src/main/org/codehaus/groovy/ant/RootLoaderRef.java
219,src/main/org/codehaus/groovy/ant/UberCompileTask.java
220,src/main/org/codehaus/groovy/ant/VerifyClass.java
221,src/main/org/codehaus/groovy/antlr/AntlrASTProcessor.java
222,src/main/org/codehaus/groovy/antlr/AntlrASTProcessSnippets.java
223,src/main/org/codehaus/groovy/antlr/AntlrParserPlugin.java
224,src/main/org/codehaus/groovy/antlr/AntlrParserPluginFactory.java
225,src/main/org/codehaus/groovy/antlr/ASTParserException.java
226,src/main/org/codehaus/groovy/antlr/ASTRuntimeException.java
227,src/main/org/codehaus/groovy/antlr/EnumHelper.java
228,src/main/org/codehaus/groovy/antlr/GroovySourceAST.java
229,src/main/org/codehaus/groovy/antlr/java/Groovifier.java
230,src/main/org/codehaus/groovy/antlr/java/Java2GroovyConverter.java
231,src/main/org/codehaus/groovy/antlr/java/Java2GroovyMain.java
232,src/main/org/codehaus/groovy/antlr/java/PreJava2GroovyConverter.java
233,src/main/org/codehaus/groovy/antlr/LexerFrame.java
234,src/main/org/codehaus/groovy/antlr/LineColumn.java
235,src/main/org/codehaus/groovy/antlr/Main.java
236,src/main/org/codehaus/groovy/antlr/SourceBuffer.java
237,src/main/org/codehaus/groovy/antlr/treewalker/CompositeVisitor.java
238,src/main/org/codehaus/groovy/antlr/treewalker/FlatNodeListTraversal.java
239,src/main/org/codehaus/groovy/antlr/treewalker/MindMapPrinter.java
240,src/main/org/codehaus/groovy/antlr/treewalker/NodeAsHTMLPrinter.java
241,src/main/org/codehaus/groovy/antlr/treewalker/NodeCollector.java
242,src/main/org/codehaus/groovy/antlr/treewalker/NodePrinter.java
243,src/main/org/codehaus/groovy/antlr/treewalker/PreOrderTraversal.java
244,src/main/org/codehaus/groovy/antlr/treewalker/SourceCodeTraversal.java
245,src/main/org/codehaus/groovy/antlr/treewalker/SourcePrinter.java
246,src/main/org/codehaus/groovy/antlr/treewalker/TraversalHelper.java
247,src/main/org/codehaus/groovy/antlr/treewalker/Visitor.java
248,src/main/org/codehaus/groovy/antlr/treewalker/VisitorAdapter.java
249,src/main/org/codehaus/groovy/antlr/UnicodeEscapingReader.java
250,src/main/org/codehaus/groovy/ast/AnnotatedNode.java
251,src/main/org/codehaus/groovy/ast/AnnotationNode.java
252,src/main/org/codehaus/groovy/ast/ASTNode.java
253,src/main/org/codehaus/groovy/ast/ClassCodeExpressionTransformer.java
254,src/main/org/codehaus/groovy/ast/ClassCodeVisitorSupport.java
255,src/main/org/codehaus/groovy/ast/ClassHelper.java
256,src/main/org/codehaus/groovy/ast/ClassNode.java
257,src/main/org/codehaus/groovy/ast/CodeVisitorSupport.java
258,src/main/org/codehaus/groovy/ast/CompileUnit.java
259,src/main/org/codehaus/groovy/ast/ConstructorNode.java
260,src/main/org/codehaus/groovy/ast/DynamicVariable.java
261,src/main/org/codehaus/groovy/ast/expr/AnnotationConstantExpression.java
262,src/main/org/codehaus/groovy/ast/expr/ArgumentListExpression.java
263,src/main/org/codehaus/groovy/ast/expr/ArrayExpression.java
264,src/main/org/codehaus/groovy/ast/expr/AttributeExpression.java
265,src/main/org/codehaus/groovy/ast/expr/BinaryExpression.java
266,src/main/org/codehaus/groovy/ast/expr/BitwiseNegationExpression.java
267,src/main/org/codehaus/groovy/ast/expr/BooleanExpression.java
268,src/main/org/codehaus/groovy/ast/expr/CastExpression.java
269,src/main/org/codehaus/groovy/ast/expr/ClassExpression.java
270,src/main/org/codehaus/groovy/ast/expr/ClosureExpression.java
271,src/main/org/codehaus/groovy/ast/expr/ClosureListExpression.java
272,src/main/org/codehaus/groovy/ast/expr/ConstantExpression.java
273,src/main/org/codehaus/groovy/ast/expr/ConstructorCallExpression.java
274,src/main/org/codehaus/groovy/ast/expr/DeclarationExpression.java
275,src/main/org/codehaus/groovy/ast/expr/ElvisOperatorExpression.java
276,src/main/org/codehaus/groovy/ast/expr/EmptyExpression.java
277,src/main/org/codehaus/groovy/ast/expr/Expression.java
278,src/main/org/codehaus/groovy/ast/expr/ExpressionTransformer.java
279,src/main/org/codehaus/groovy/ast/expr/FieldExpression.java
280,src/main/org/codehaus/groovy/ast/expr/GStringExpression.java
281,src/main/org/codehaus/groovy/ast/expr/ListExpression.java
282,src/main/org/codehaus/groovy/ast/expr/MapEntryExpression.java
283,src/main/org/codehaus/groovy/ast/expr/MapExpression.java
284,src/main/org/codehaus/groovy/ast/expr/MethodCallExpression.java
285,src/main/org/codehaus/groovy/ast/expr/MethodPointerExpression.java
286,src/main/org/codehaus/groovy/ast/expr/NamedArgumentListExpression.java
287,src/main/org/codehaus/groovy/ast/expr/NotExpression.java
288,src/main/org/codehaus/groovy/ast/expr/PostfixExpression.java
289,src/main/org/codehaus/groovy/ast/expr/PropertyExpression.java
290,src/main/org/codehaus/groovy/ast/expr/RangeExpression.java
291,src/main/org/codehaus/groovy/ast/expr/RegexExpression.java
292,src/main/org/codehaus/groovy/ast/expr/SpreadExpression.java
293,src/main/org/codehaus/groovy/ast/expr/SpreadMapExpression.java
294,src/main/org/codehaus/groovy/ast/expr/StaticMethodCallExpression.java
295,src/main/org/codehaus/groovy/ast/expr/TernaryExpression.java
296,src/main/org/codehaus/groovy/ast/expr/TupleExpression.java
297,src/main/org/codehaus/groovy/ast/expr/UnaryMinusExpression.java
298,src/main/org/codehaus/groovy/ast/expr/UnaryPlusExpression.java
299,src/main/org/codehaus/groovy/ast/expr/VariableExpression.java
300,src/main/org/codehaus/groovy/ast/FieldNode.java
301,src/main/org/codehaus/groovy/ast/GenericsType.java
302,src/main/org/codehaus/groovy/ast/GroovyClassVisitor.java
303,src/main/org/codehaus/groovy/ast/GroovyCodeVisitor.java
304,src/main/org/codehaus/groovy/ast/ImportNode.java
305,src/main/org/codehaus/groovy/ast/InnerClassNode.java
306,src/main/org/codehaus/groovy/ast/MethodNode.java
307,src/main/org/codehaus/groovy/ast/MixinASTTransformation.java
308,src/main/org/codehaus/groovy/ast/MixinNode.java
309,src/main/org/codehaus/groovy/ast/ModuleNode.java
310,src/main/org/codehaus/groovy/ast/Parameter.java
311,src/main/org/codehaus/groovy/ast/PropertyNode.java
312,src/main/org/codehaus/groovy/ast/stmt/AssertStatement.java
313,src/main/org/codehaus/groovy/ast/stmt/BlockStatement.java
314,src/main/org/codehaus/groovy/ast/stmt/BreakStatement.java
315,src/main/org/codehaus/groovy/ast/stmt/CaseStatement.java
316,src/main/org/codehaus/groovy/ast/stmt/CatchStatement.java
317,src/main/org/codehaus/groovy/ast/stmt/DoWhileStatement.java
318,src/main/org/codehaus/groovy/ast/stmt/EmptyStatement.java
319,src/main/org/codehaus/groovy/ast/stmt/ExpressionStatement.java
320,src/main/org/codehaus/groovy/ast/stmt/ForStatement.java
321,src/main/org/codehaus/groovy/ast/stmt/IfStatement.java
322,src/main/org/codehaus/groovy/ast/stmt/ReturnStatement.java
323,src/main/org/codehaus/groovy/ast/stmt/Statement.java
324,src/main/org/codehaus/groovy/ast/stmt/SwitchStatement.java
325,src/main/org/codehaus/groovy/ast/stmt/SynchronizedStatement.java
326,src/main/org/codehaus/groovy/ast/stmt/ThrowStatement.java
327,src/main/org/codehaus/groovy/ast/stmt/TryCatchStatement.java
328,src/main/org/codehaus/groovy/ast/stmt/WhileStatement.java
329,src/main/org/codehaus/groovy/ast/Variable.java
330,src/main/org/codehaus/groovy/ast/VariableScope.java
331,src/main/org/codehaus/groovy/binding/AbstractFullBinding.java
332,src/main/org/codehaus/groovy/binding/BindingUpdatable.java
333,src/main/org/codehaus/groovy/binding/ClosureSourceBinding.java
334,src/main/org/codehaus/groovy/binding/EventTriggerBinding.java
335,src/main/org/codehaus/groovy/binding/FullBinding.java
336,src/main/org/codehaus/groovy/binding/ModelBinding.java
337,src/main/org/codehaus/groovy/binding/PropertyBinding.java
338,src/main/org/codehaus/groovy/binding/SourceBinding.java
339,src/main/org/codehaus/groovy/binding/SwingTimerTriggerBinding.java
340,src/main/org/codehaus/groovy/binding/TargetBinding.java
341,src/main/org/codehaus/groovy/binding/TriggerBinding.java
342,src/main/org/codehaus/groovy/bsf/CachingGroovyEngine.java
343,src/main/org/codehaus/groovy/bsf/GroovyEngine.java
344,src/main/org/codehaus/groovy/classgen/AnnotationVisitor.java
345,src/main/org/codehaus/groovy/classgen/AsmClassGenerator.java
346,src/main/org/codehaus/groovy/classgen/BytecodeExpression.java
347,src/main/org/codehaus/groovy/classgen/BytecodeHelper.java
348,src/main/org/codehaus/groovy/classgen/BytecodeInstruction.java
349,src/main/org/codehaus/groovy/classgen/BytecodeSequence.java
350,src/main/org/codehaus/groovy/classgen/ClassCompletionVerifier.java
351,src/main/org/codehaus/groovy/classgen/ClassGenerator.java
352,src/main/org/codehaus/groovy/classgen/ClassGeneratorException.java
353,src/main/org/codehaus/groovy/classgen/CompileStack.java
354,src/main/org/codehaus/groovy/classgen/DummyClassGenerator.java
355,src/main/org/codehaus/groovy/classgen/EnumVisitor.java
356,src/main/org/codehaus/groovy/classgen/ExtendedVerifier.java
357,src/main/org/codehaus/groovy/classgen/GeneratorContext.java
358,src/main/org/codehaus/groovy/classgen/MethodCaller.java
359,src/main/org/codehaus/groovy/classgen/MethodCallerMultiAdapter.java
360,src/main/org/codehaus/groovy/classgen/ReflectorGenerator.java
361,src/main/org/codehaus/groovy/classgen/RuntimeIncompleteClassException.java
362,src/main/org/codehaus/groovy/classgen/Variable.java
363,src/main/org/codehaus/groovy/classgen/VariableScopeVisitor.java
364,src/main/org/codehaus/groovy/classgen/Verifier.java
365,src/main/org/codehaus/groovy/classgen/VerifierCodeVisitor.java
366,src/main/org/codehaus/groovy/control/CompilationFailedException.java
367,src/main/org/codehaus/groovy/control/CompilationUnit.java
368,src/main/org/codehaus/groovy/control/CompilePhase.java
369,src/main/org/codehaus/groovy/control/CompilerConfiguration.java
370,src/main/org/codehaus/groovy/control/ConfigurationException.java
371,src/main/org/codehaus/groovy/control/ErrorCollector.java
372,src/main/org/codehaus/groovy/control/GenericsVisitor.java
373,src/main/org/codehaus/groovy/control/HasCleanup.java
374,src/main/org/codehaus/groovy/control/io/AbstractReaderSource.java
375,src/main/org/codehaus/groovy/control/io/FileReaderSource.java
376,src/main/org/codehaus/groovy/control/io/InputStreamReaderSource.java
377,src/main/org/codehaus/groovy/control/io/NullWriter.java
378,src/main/org/codehaus/groovy/control/io/ReaderSource.java
379,src/main/org/codehaus/groovy/control/io/StringReaderSource.java
380,src/main/org/codehaus/groovy/control/io/URLReaderSource.java
381,src/main/org/codehaus/groovy/control/Janitor.java
382,src/main/org/codehaus/groovy/control/LabelVerifier.java
383,src/main/org/codehaus/groovy/control/messages/ExceptionMessage.java
384,src/main/org/codehaus/groovy/control/messages/LocatedMessage.java
385,src/main/org/codehaus/groovy/control/messages/Message.java
386,src/main/org/codehaus/groovy/control/messages/SimpleMessage.java
387,src/main/org/codehaus/groovy/control/messages/SyntaxErrorMessage.java
388,src/main/org/codehaus/groovy/control/messages/WarningMessage.java
389,src/main/org/codehaus/groovy/control/MultipleCompilationErrorsException.java
390,src/main/org/codehaus/groovy/control/OptimizerVisitor.java
391,src/main/org/codehaus/groovy/control/ParserPlugin.java
392,src/main/org/codehaus/groovy/control/ParserPluginFactory.java
393,src/main/org/codehaus/groovy/control/Phases.java
394,src/main/org/codehaus/groovy/control/ProcessingUnit.java
395,src/main/org/codehaus/groovy/control/ResolveVisitor.java
396,src/main/org/codehaus/groovy/control/SourceUnit.java
397,src/main/org/codehaus/groovy/control/StaticImportVisitor.java
398,src/main/org/codehaus/groovy/GroovyBugError.java
399,src/main/org/codehaus/groovy/groovydoc/GroovyClassDoc.java
400,src/main/org/codehaus/groovy/groovydoc/GroovyConstructorDoc.java
401,src/main/org/codehaus/groovy/groovydoc/GroovyDoc.java
402,src/main/org/codehaus/groovy/groovydoc/GroovyDocErrorReporter.java
403,src/main/org/codehaus/groovy/groovydoc/GroovyExecutableMemberDoc.java
404,src/main/org/codehaus/groovy/groovydoc/GroovyFieldDoc.java
405,src/main/org/codehaus/groovy/groovydoc/GroovyMemberDoc.java
406,src/main/org/codehaus/groovy/groovydoc/GroovyMethodDoc.java
407,src/main/org/codehaus/groovy/groovydoc/GroovyPackageDoc.java
408,src/main/org/codehaus/groovy/groovydoc/GroovyParameter.java
409,src/main/org/codehaus/groovy/groovydoc/GroovyProgramElementDoc.java
410,src/main/org/codehaus/groovy/groovydoc/GroovyRootDoc.java
411,src/main/org/codehaus/groovy/groovydoc/GroovyType.java
412,src/main/org/codehaus/groovy/GroovyException.java
413,src/main/org/codehaus/groovy/GroovyExceptionInterface.java
414,src/main/org/codehaus/groovy/reflection/CachedClass.java
415,src/main/org/codehaus/groovy/reflection/CachedConstructor.java
416,src/main/org/codehaus/groovy/reflection/CachedField.java
417,src/main/org/codehaus/groovy/reflection/CachedMethod.java
418,src/main/org/codehaus/groovy/reflection/ClassInfo.java
419,src/main/org/codehaus/groovy/reflection/ComplexKeyHashMap.java
420,src/main/org/codehaus/groovy/reflection/DoubleKeyHashMap.java
421,src/main/org/codehaus/groovy/reflection/FastArray.java
422,src/main/org/codehaus/groovy/reflection/GeneratedMetaMethod.java
423,src/main/org/codehaus/groovy/reflection/LazyReference.java
424,src/main/org/codehaus/groovy/reflection/LazySoftReference.java
425,src/main/org/codehaus/groovy/reflection/LockableObject.java
426,src/main/org/codehaus/groovy/reflection/ParameterTypes.java
427,src/main/org/codehaus/groovy/reflection/ReflectionCache.java
428,src/main/org/codehaus/groovy/reflection/SingleKeyHashMap.java
429,src/main/org/codehaus/groovy/reflection/stdclasses/ArrayCachedClass.java
430,src/main/org/codehaus/groovy/reflection/stdclasses/BigDecimalCachedClass.java
431,src/main/org/codehaus/groovy/reflection/stdclasses/BigIntegerCachedClass.java
432,src/main/org/codehaus/groovy/reflection/stdclasses/BooleanCachedClass.java
433,src/main/org/codehaus/groovy/reflection/stdclasses/ByteCachedClass.java
434,src/main/org/codehaus/groovy/reflection/stdclasses/DoubleCachedClass.java
435,src/main/org/codehaus/groovy/reflection/stdclasses/FloatCachedClass.java
436,src/main/org/codehaus/groovy/reflection/stdclasses/IntegerCachedClass.java
437,src/main/org/codehaus/groovy/reflection/stdclasses/LongCachedClass.java
438,src/main/org/codehaus/groovy/reflection/stdclasses/NumberCachedClass.java
439,src/main/org/codehaus/groovy/reflection/stdclasses/ObjectCachedClass.java
440,src/main/org/codehaus/groovy/reflection/stdclasses/ShortCachedClass.java
441,src/main/org/codehaus/groovy/reflection/stdclasses/StringCachedClass.java
442,src/main/org/codehaus/groovy/reflection/TripleKeyHashMap.java
443,src/main/org/codehaus/groovy/reflection/WeakDoubleKeyHashMap.java
444,src/main/org/codehaus/groovy/runtime/ArrayUtil.java
445,src/main/org/codehaus/groovy/runtime/callsite/CallSite.java
446,src/main/org/codehaus/groovy/runtime/callsite/CallSiteArray.java
447,src/main/org/codehaus/groovy/runtime/callsite/CallSiteAwareMetaMethod.java
448,src/main/org/codehaus/groovy/runtime/callsite/ConstructorMetaClassSite.java
449,src/main/org/codehaus/groovy/runtime/callsite/ConstructorMetaMethodSite.java
450,src/main/org/codehaus/groovy/runtime/callsite/ConstructorSite.java
451,src/main/org/codehaus/groovy/runtime/callsite/MetaClassConstructorSite.java
452,src/main/org/codehaus/groovy/runtime/callsite/MetaClassSite.java
453,src/main/org/codehaus/groovy/runtime/callsite/MetaMethodSite.java
454,src/main/org/codehaus/groovy/runtime/callsite/PogoInterceptableSite.java
455,src/main/org/codehaus/groovy/runtime/callsite/PogoMetaClassSite.java
456,src/main/org/codehaus/groovy/runtime/callsite/PogoMetaMethodSite.java
457,src/main/org/codehaus/groovy/runtime/callsite/PojoMetaClassSite.java
458,src/main/org/codehaus/groovy/runtime/callsite/PojoMetaMethodSite.java
459,src/main/org/codehaus/groovy/runtime/callsite/StaticMetaClassSite.java
460,src/main/org/codehaus/groovy/runtime/callsite/StaticMetaMethodSite.java
461,src/main/org/codehaus/groovy/runtime/ClassExtender.java
462,src/main/org/codehaus/groovy/runtime/ConversionHandler.java
463,src/main/org/codehaus/groovy/runtime/ConvertedClosure.java
464,src/main/org/codehaus/groovy/runtime/ConvertedMap.java
465,src/main/org/codehaus/groovy/runtime/CurriedClosure.java
466,src/main/org/codehaus/groovy/runtime/DefaultCachedMethodKey.java
467,src/main/org/codehaus/groovy/runtime/DefaultGroovyMethods.java
468,src/main/org/codehaus/groovy/runtime/DefaultGroovyMethodsSupport.java
469,src/main/org/codehaus/groovy/runtime/DefaultGroovyStaticMethods.java
470,src/main/org/codehaus/groovy/runtime/DefaultMethodKey.java
471,src/main/org/codehaus/groovy/runtime/dgmimpl/arrays/ArrayGetAtMetaMethod.java
472,src/main/org/codehaus/groovy/runtime/dgmimpl/arrays/ArrayMetaMethod.java
473,src/main/org/codehaus/groovy/runtime/dgmimpl/arrays/ArrayPutAtMetaMethod.java
474,src/main/org/codehaus/groovy/runtime/dgmimpl/arrays/BooleanArrayGetAtMetaMethod.java
475,src/main/org/codehaus/groovy/runtime/dgmimpl/arrays/BooleanArrayPutAtMetaMethod.java
476,src/main/org/codehaus/groovy/runtime/dgmimpl/arrays/ByteArrayPutAtMetaMethod.java
477,src/main/org/codehaus/groovy/runtime/dgmimpl/arrays/CharacterArrayPutAtMetaMethod.java
478,src/main/org/codehaus/groovy/runtime/dgmimpl/arrays/DoubleArrayPutAtMetaMethod.java
479,src/main/org/codehaus/groovy/runtime/dgmimpl/arrays/IntegerArrayPutAtMetaMethod.java
480,src/main/org/codehaus/groovy/runtime/dgmimpl/arrays/ObjectArrayGetAtMetaMethod.java
481,src/main/org/codehaus/groovy/runtime/dgmimpl/arrays/ObjectArrayPutAtMetaMethod.java
482,src/main/org/codehaus/groovy/runtime/dgmimpl/NumberNumberDiv.java
483,src/main/org/codehaus/groovy/runtime/dgmimpl/NumberNumberMetaMethod.java
484,src/main/org/codehaus/groovy/runtime/dgmimpl/NumberNumberMinus.java
485,src/main/org/codehaus/groovy/runtime/dgmimpl/NumberNumberMultiply.java
486,src/main/org/codehaus/groovy/runtime/dgmimpl/NumberNumberPlus.java
487,src/main/org/codehaus/groovy/runtime/FlushingStreamWriter.java
488,src/main/org/codehaus/groovy/runtime/GeneratedClosure.java
489,src/main/org/codehaus/groovy/runtime/GroovyCategorySupport.java
490,src/main/org/codehaus/groovy/runtime/GStringImpl.java
491,src/main/org/codehaus/groovy/runtime/InvokerHelper.java
492,src/main/org/codehaus/groovy/runtime/InvokerInvocationException.java
493,src/main/org/codehaus/groovy/runtime/IteratorClosureAdapter.java
494,src/main/org/codehaus/groovy/runtime/metaclass/ClosureMetaClass.java
495,src/main/org/codehaus/groovy/runtime/metaclass/ClosureMetaMethod.java
496,src/main/org/codehaus/groovy/runtime/metaclass/ClosureStaticMetaMethod.java
497,src/main/org/codehaus/groovy/runtime/metaclass/ConcurrentReaderHashMap.java
498,src/main/org/codehaus/groovy/runtime/metaclass/MemoryAwareConcurrentReadMap.java
499,src/main/org/codehaus/groovy/runtime/metaclass/MetaClassRegistryImpl.java
500,src/main/org/codehaus/groovy/runtime/metaclass/MetaMethodIndex.java
501,src/main/org/codehaus/groovy/runtime/metaclass/MethodHelper.java
502,src/main/org/codehaus/groovy/runtime/metaclass/MethodSelectionException.java
503,src/main/org/codehaus/groovy/runtime/metaclass/MissingMethodExceptionNoStack.java
504,src/main/org/codehaus/groovy/runtime/metaclass/MissingMethodExecutionFailed.java
505,src/main/org/codehaus/groovy/runtime/metaclass/MissingPropertyExceptionNoStack.java
506,src/main/org/codehaus/groovy/runtime/metaclass/NewInstanceMetaMethod.java
507,src/main/org/codehaus/groovy/runtime/metaclass/NewMetaMethod.java
508,src/main/org/codehaus/groovy/runtime/metaclass/NewStaticMetaMethod.java
509,src/main/org/codehaus/groovy/runtime/metaclass/ReflectionMetaMethod.java
510,src/main/org/codehaus/groovy/runtime/metaclass/ReflectorLoader.java
511,src/main/org/codehaus/groovy/runtime/metaclass/TemporaryMethodKey.java
512,src/main/org/codehaus/groovy/runtime/metaclass/ThreadManagedMetaBeanProperty.java
513,src/main/org/codehaus/groovy/runtime/metaclass/TransformMetaMethod.java
514,src/main/org/codehaus/groovy/runtime/MetaClassHelper.java
515,src/main/org/codehaus/groovy/runtime/MethodClosure.java
516,src/main/org/codehaus/groovy/runtime/MethodKey.java
517,src/main/org/codehaus/groovy/runtime/NullObject.java
518,src/main/org/codehaus/groovy/runtime/ReflectionMethodInvoker.java
519,src/main/org/codehaus/groovy/runtime/Reflector.java
520,src/main/org/codehaus/groovy/runtime/RegexSupport.java
521,src/main/org/codehaus/groovy/runtime/ReverseListIterator.java
522,src/main/org/codehaus/groovy/runtime/ScriptBytecodeAdapter.java
523,src/main/org/codehaus/groovy/runtime/ScriptReference.java
524,src/main/org/codehaus/groovy/runtime/ScriptTestAdapter.java
525,src/main/org/codehaus/groovy/runtime/StackTraceUtils.java
526,src/main/org/codehaus/groovy/runtime/StringBufferWriter.java
527,src/main/org/codehaus/groovy/runtime/TimeCategory.java
528,src/main/org/codehaus/groovy/runtime/typehandling/BigDecimalMath.java
529,src/main/org/codehaus/groovy/runtime/typehandling/BigIntegerMath.java
530,src/main/org/codehaus/groovy/runtime/typehandling/ClassDistance.java
531,src/main/org/codehaus/groovy/runtime/typehandling/DefaultTypeTransformation.java
532,src/main/org/codehaus/groovy/runtime/typehandling/FloatingPointMath.java
533,src/main/org/codehaus/groovy/runtime/typehandling/GroovyCastException.java
534,src/main/org/codehaus/groovy/runtime/typehandling/IntegerMath.java
535,src/main/org/codehaus/groovy/runtime/typehandling/LongMath.java
536,src/main/org/codehaus/groovy/runtime/typehandling/NumberMath.java
537,src/main/org/codehaus/groovy/runtime/typehandling/NumberMathModificationInfo.java
538,src/main/org/codehaus/groovy/runtime/wrappers/BooleanWrapper.java
539,src/main/org/codehaus/groovy/runtime/wrappers/ByteWrapper.java
540,src/main/org/codehaus/groovy/runtime/wrappers/CharWrapper.java
541,src/main/org/codehaus/groovy/runtime/wrappers/GroovyObjectWrapper.java
542,src/main/org/codehaus/groovy/runtime/wrappers/IntWrapper.java
543,src/main/org/codehaus/groovy/runtime/wrappers/PojoWrapper.java
544,src/main/org/codehaus/groovy/runtime/wrappers/Wrapper.java
545,src/main/org/codehaus/groovy/runtime/WritableFile.java
546,src/main/org/codehaus/groovy/syntax/ASTHelper.java
547,src/main/org/codehaus/groovy/syntax/CSTNode.java
548,src/main/org/codehaus/groovy/syntax/Numbers.java
549,src/main/org/codehaus/groovy/syntax/ParserException.java
550,src/main/org/codehaus/groovy/syntax/ReadException.java
551,src/main/org/codehaus/groovy/syntax/Reduction.java
552,src/main/org/codehaus/groovy/syntax/RuntimeParserException.java
553,src/main/org/codehaus/groovy/syntax/SyntaxException.java
554,src/main/org/codehaus/groovy/syntax/Token.java
555,src/main/org/codehaus/groovy/syntax/TokenException.java
556,src/main/org/codehaus/groovy/syntax/TokenMismatchException.java
557,src/main/org/codehaus/groovy/syntax/Types.java
558,src/main/org/codehaus/groovy/tools/Compiler.java
559,src/main/org/codehaus/groovy/tools/DgmConverter.java
560,src/main/org/codehaus/groovy/tools/ErrorReporter.java
561,src/main/org/codehaus/groovy/tools/FileSystemCompiler.java
562,src/main/org/codehaus/groovy/tools/GroovyClass.java
563,src/main/org/codehaus/groovy/tools/groovydoc/ClasspathResourceManager.java
564,src/main/org/codehaus/groovy/tools/groovydoc/FileOutputTool.java
565,src/main/org/codehaus/groovy/tools/groovydoc/FileSystemResourceManager.java
566,src/main/org/codehaus/groovy/tools/groovydoc/GroovyDocTemplateEngine.java
567,src/main/org/codehaus/groovy/tools/groovydoc/GroovyDocTool.java
568,src/main/org/codehaus/groovy/tools/groovydoc/GroovyDocWriter.java
569,src/main/org/codehaus/groovy/tools/groovydoc/GroovyRootDocBuilder.java
570,src/main/org/codehaus/groovy/tools/groovydoc/MockOutputTool.java
571,src/main/org/codehaus/groovy/tools/groovydoc/OutputTool.java
572,src/main/org/codehaus/groovy/tools/groovydoc/ResourceManager.java
573,src/main/org/codehaus/groovy/tools/groovydoc/SimpleGroovyClassDoc.java
574,src/main/org/codehaus/groovy/tools/groovydoc/SimpleGroovyClassDocAssembler.java
575,src/main/org/codehaus/groovy/tools/groovydoc/SimpleGroovyConstructorDoc.java
576,src/main/org/codehaus/groovy/tools/groovydoc/SimpleGroovyDoc.java
577,src/main/org/codehaus/groovy/tools/groovydoc/SimpleGroovyExecutableMemberDoc.java
578,src/main/org/codehaus/groovy/tools/groovydoc/SimpleGroovyFieldDoc.java
579,src/main/org/codehaus/groovy/tools/groovydoc/SimpleGroovyMemberDoc.java
580,src/main/org/codehaus/groovy/tools/groovydoc/SimpleGroovyMethodDoc.java
581,src/main/org/codehaus/groovy/tools/groovydoc/SimpleGroovyPackageDoc.java
582,src/main/org/codehaus/groovy/tools/groovydoc/SimpleGroovyParameter.java
583,src/main/org/codehaus/groovy/tools/groovydoc/SimpleGroovyProgramElementDoc.java
584,src/main/org/codehaus/groovy/tools/groovydoc/SimpleGroovyRootDoc.java
585,src/main/org/codehaus/groovy/tools/groovydoc/SimpleGroovyType.java
586,src/main/org/codehaus/groovy/tools/GroovyStarter.java
587,src/main/org/codehaus/groovy/tools/javac/JavaAwareCompilationUnit.java
588,src/main/org/codehaus/groovy/tools/javac/JavaAwareResolveVisitor.java
589,src/main/org/codehaus/groovy/tools/javac/JavacCompilerFactory.java
590,src/main/org/codehaus/groovy/tools/javac/JavacJavaCompiler.java
591,src/main/org/codehaus/groovy/tools/javac/JavaCompiler.java
592,src/main/org/codehaus/groovy/tools/javac/JavaCompilerFactory.java
593,src/main/org/codehaus/groovy/tools/javac/JavaStubCompilationUnit.java
594,src/main/org/codehaus/groovy/tools/javac/JavaStubGenerator.java
595,src/main/org/codehaus/groovy/tools/LoaderConfiguration.java
596,src/main/org/codehaus/groovy/tools/RootLoader.java
597,src/main/org/codehaus/groovy/tools/shell/IO.java
598,src/main/org/codehaus/groovy/tools/shell/util/ANSI.java
599,src/main/org/codehaus/groovy/tools/shell/util/Logger.java
600,src/main/org/codehaus/groovy/tools/shell/util/MessageSource.java
601,src/main/org/codehaus/groovy/tools/shell/util/NoExitSecurityManager.java
602,src/main/org/codehaus/groovy/tools/shell/util/Preferences.java
603,src/main/org/codehaus/groovy/tools/shell/util/SimpleCompletor.java
604,src/main/org/codehaus/groovy/tools/StringHelper.java
605,src/main/org/codehaus/groovy/tools/Utilities.java
606,src/main/org/codehaus/groovy/tools/xml/DomToGroovy.java
607,src/main/org/codehaus/groovy/transform/ASTTransformation.java
608,src/main/org/codehaus/groovy/transform/ASTTransformationCollectorCodeVisitor.java
609,src/main/org/codehaus/groovy/transform/ASTTransformationVisitor.java
610,src/main/org/codehaus/groovy/transform/GroovyASTTransformation.java
611,src/main/org/codehaus/groovy/transform/GroovyASTTransformationClass.java
612,src/main/org/codehaus/groovy/vmplugin/v4/Java4.java
613,src/main/org/codehaus/groovy/vmplugin/v5/Java5.java
614,src/main/org/codehaus/groovy/vmplugin/v5/JUnit4Utils.java
615,src/main/org/codehaus/groovy/vmplugin/v5/PluginDefaultGroovyMethods.java
616,src/main/org/codehaus/groovy/vmplugin/v5/TestNgUtils.java
617,src/main/org/codehaus/groovy/vmplugin/VMPlugin.java
618,src/main/org/codehaus/groovy/vmplugin/VMPluginFactory.java
619,src/native/base.c
620,src/tck/src/org/codehaus/groovy/tck/ClassicGroovyTestGeneratorHelper.java
621,src/tck/src/org/codehaus/groovy/tck/GenerateTestCases.java
622,src/tck/src/org/codehaus/groovy/tck/TestGeneratorHelper.java
623,src/test/gls/ch06/s05/JName1Test.java
624,src/test/gls/ch06/s05/testClasses/Tt1.java
625,src/test/gls/ch06/s05/testClasses/Tt1c.java
626,src/test/gls/ch06/s05/testClasses/Tt1cgi.java
627,src/test/gls/ch06/s05/testClasses/Tt1cgo.java
628,src/test/gls/ch06/s05/testClasses/Tt1gi.java
629,src/test/gls/ch06/s05/testClasses/Tt1go.java
630,src/test/gls/generics/vm5/GenericsTestBase.java
631,src/test/groovy/bugs/ClassInScriptBug.java
632,src/test/groovy/bugs/ClosuresInScriptBug.java
633,src/test/groovy/bugs/Groovy1567_Bug.java
634,src/test/groovy/bugs/Groovy2365Bug.java
635,src/test/groovy/bugs/Groovy2553Bug.java
636,src/test/groovy/bugs/Groovy662_JavaClass.java
637,src/test/groovy/bugs/IanMaceysBug.java
638,src/test/groovy/bugs/MarkupInScriptBug.java
639,src/test/groovy/bugs/SeansBug.java
640,src/test/groovy/bugs/SimpleModel.java
641,src/test/groovy/bugs/TestSupport.java
642,src/test/groovy/DummyInterface.java
643,src/test/groovy/DummyMethodsJava.java
644,src/test/groovy/inspect/InspectorTest.java
645,src/test/groovy/io/PlatformLineWriterTest.java
646,src/test/groovy/JavaClass.java
647,src/test/groovy/JointJava.java
648,src/test/groovy/lang/BigDecimalRangeTest.java
649,src/test/groovy/lang/CharacterRangeTest.java
650,src/test/groovy/lang/DerivedScript.java
651,src/test/groovy/lang/DummyGString.java
652,src/test/groovy/lang/EmptyRangeTest.java
653,src/test/groovy/lang/FloatRangeTest.java
654,src/test/groovy/lang/GroovyShellTest.java
655,src/test/groovy/lang/GStringTest.java
656,src/test/groovy/lang/IntegerRangeTest.java
657,src/test/groovy/lang/IntRangeTest.java
658,src/test/groovy/lang/LongRangeTest.java
659,src/test/groovy/lang/MetaClassTest.java
660,src/test/groovy/lang/MockWriter.java
661,src/test/groovy/lang/NumberRangeTest.java
662,src/test/groovy/lang/RangeTest.java
663,src/test/groovy/lang/RangeTestSuite.java
664,src/test/groovy/lang/ScriptIntegerDivideTest.java
665,src/test/groovy/lang/ScriptPrintTest.java
666,src/test/groovy/lang/ScriptTest.java
667,src/test/groovy/lang/SequenceTest.java
668,src/test/groovy/lang/ShortRangeTest.java
669,src/test/groovy/lang/TupleTest.java
670,src/test/groovy/mock/interceptor/IteratorCounter.java
671,src/test/groovy/OuterUser.java
672,src/test/groovy/security/RunAllGroovyScriptsSuite.java
673,src/test/groovy/security/RunOneGroovyScript.java
674,src/test/groovy/security/SecurityTest.java
675,src/test/groovy/security/SecurityTestSupport.java
676,src/test/groovy/security/SignedJarTest.java
677,src/test/groovy/servlet/GroovyServletTest.java
678,src/test/groovy/SomeClass.java
679,src/test/groovy/StrangeBean.java
680,src/test/groovy/StrangeBeanBeanInfo.java
681,src/test/groovy/StrangeEventListener.java
682,src/test/groovy/TestInterruptor.java
683,src/test/groovy/text/TemplateTest.java
684,src/test/groovy/text/XmlTemplateEngineTest.java
685,src/test/groovy/tree/NodePrinterTest.java
686,src/test/groovy/txn/TransactionBean.java
687,src/test/groovy/txn/TransactionBuilder.java
688,src/test/groovy/util/Dummy.java
689,src/test/groovy/util/DummyMBean.java
690,src/test/groovy/util/EvalTest.java
691,src/test/groovy/util/GroovySwingTestCase.java
692,src/test/groovy/util/MBeanTest.java
693,src/test/groovy/util/SpoofTask.java
694,src/test/groovy/util/SpoofTaskContainer.java
695,src/test/groovy/vm5/Language.java
696,src/test/groovy/xml/FactorySupportTest.java
697,src/test/groovy/xml/TestXmlSupport.java
698,src/test/groovy/xml/XmlTest.java
699,src/test/JavaSourceCodehausPackagesSuite.java
700,src/test/JavaSourceGroovyPackagesNonSecuritySuite.java
701,src/test/JavaSourceGroovyPackagesSecuritySuite.java
702,src/test/JavaSourceTckSuite.java
703,src/test/org/codehaus/groovy/ant/GroovycTest.java
704,src/test/org/codehaus/groovy/ant/GroovycTest2.java
705,src/test/org/codehaus/groovy/ant/GroovyTest.java
706,src/test/org/codehaus/groovy/antlr/AnnotationSourceParsingTest.java
707,src/test/org/codehaus/groovy/antlr/EnumSourceParsingTest.java
708,src/test/org/codehaus/groovy/antlr/GroovySourceASTTest.java
709,src/test/org/codehaus/groovy/antlr/SourceBufferTest.java
710,src/test/org/codehaus/groovy/antlr/SourceParserTest.java
711,src/test/org/codehaus/groovy/antlr/treewalker/CompositeVisitorTest.java
712,src/test/org/codehaus/groovy/antlr/treewalker/Java2GroovyTest.java
713,src/test/org/codehaus/groovy/antlr/treewalker/LineColumnChecker.java
714,src/test/org/codehaus/groovy/antlr/treewalker/LineColumnTest.java
715,src/test/org/codehaus/groovy/antlr/treewalker/MindMapPrinterTest.java
716,src/test/org/codehaus/groovy/antlr/treewalker/NodeAsHTMLPrinterTest.java
717,src/test/org/codehaus/groovy/antlr/treewalker/NodePrinterTest.java
718,src/test/org/codehaus/groovy/antlr/treewalker/SourcePrinterTest.java
719,src/test/org/codehaus/groovy/antlr/treewalker/TraversalTestHelper.java
720,src/test/org/codehaus/groovy/antlr/treewalker/UnimplementedSyntaxTest.java
721,src/test/org/codehaus/groovy/ast/ASTTest.java
722,src/test/org/codehaus/groovy/ast/ClassNodeTest.java
723,src/test/org/codehaus/groovy/ast/LineColumnChecker.java
724,src/test/org/codehaus/groovy/ast/LineColumnCheckTestSuite.java
725,src/test/org/codehaus/groovy/ast/MethodCallExpressionTest.java
726,src/test/org/codehaus/groovy/ast/MethodNodeTest.java
727,src/test/org/codehaus/groovy/ast/ModuleNodeTest.java
728,src/test/org/codehaus/groovy/ast/VariableExpressionTest.java
729,src/test/org/codehaus/groovy/benchmarks/vm5/b2394/Builder.java
730,src/test/org/codehaus/groovy/benchmarks/vm5/b2394/Main.java
731,src/test/org/codehaus/groovy/benchmarks/vm5/b2394/ScriptLauncher.java
732,src/test/org/codehaus/groovy/benchmarks/vm5/psum.java
733,src/test/org/codehaus/groovy/benchmarks/vm5/spectralnorm.java
734,src/test/org/codehaus/groovy/bsf/BSFTest.java
735,src/test/org/codehaus/groovy/bsf/CacheBSFTest.java
736,src/test/org/codehaus/groovy/classgen/BytecodeHelperTest.java
737,src/test/org/codehaus/groovy/classgen/CapitalizeTest.java
738,src/test/org/codehaus/groovy/classgen/ClassCompletionVerifierTest.java
739,src/test/org/codehaus/groovy/classgen/ConstructorTest.java
740,src/test/org/codehaus/groovy/classgen/DerivedBean.java
741,src/test/org/codehaus/groovy/classgen/DummyReflector.java
742,src/test/org/codehaus/groovy/classgen/DummyTestDerivation.java
743,src/test/org/codehaus/groovy/classgen/DumpingClassLoader.java
744,src/test/org/codehaus/groovy/classgen/ForTest.java
745,src/test/org/codehaus/groovy/classgen/GetPropertyTest.java
746,src/test/org/codehaus/groovy/classgen/GroovyClassLoaderTest.java
747,src/test/org/codehaus/groovy/classgen/GStringTest.java
748,src/test/org/codehaus/groovy/classgen/IfElseTest.java
749,src/test/org/codehaus/groovy/classgen/JO.java
750,src/test/org/codehaus/groovy/classgen/MainTest.java
751,src/test/org/codehaus/groovy/classgen/MethodTest.java
752,src/test/org/codehaus/groovy/classgen/PropertyTest.java
753,src/test/org/codehaus/groovy/classgen/ReflectorGeneratorTest.java
754,src/test/org/codehaus/groovy/classgen/RunBugsTest.java
755,src/test/org/codehaus/groovy/classgen/RunClosureTest.java
756,src/test/org/codehaus/groovy/classgen/RunGroovyTest.java
757,src/test/org/codehaus/groovy/classgen/SimpleBean.java
758,src/test/org/codehaus/groovy/classgen/TestSupport.java
759,src/test/org/codehaus/groovy/classgen/TupleListTest.java
760,src/test/org/codehaus/groovy/classgen/VerifierCodeVisitorTest.java
761,src/test/org/codehaus/groovy/control/CompilationUnitTest.java
762,src/test/org/codehaus/groovy/control/CompilerConfigurationTest.java
763,src/test/org/codehaus/groovy/control/messages/SyntaxErrorMessageTest.java
764,src/test/org/codehaus/groovy/dummy/FooHandler.java
765,src/test/org/codehaus/groovy/runtime/DefaultGroovyMethodsTest.java
766,src/test/org/codehaus/groovy/runtime/DummyBean.java
767,src/test/org/codehaus/groovy/runtime/InheritedInterfaceMethodTest.java
768,src/test/org/codehaus/groovy/runtime/InvokeConstructorTest.java
769,src/test/org/codehaus/groovy/runtime/InvokeGroovyMethodTest.java
770,src/test/org/codehaus/groovy/runtime/InvokeMethodTest.java
771,src/test/org/codehaus/groovy/runtime/InvokerHelperTest.java
772,src/test/org/codehaus/groovy/runtime/InvokerTest.java
773,src/test/org/codehaus/groovy/runtime/JdkDynamicProxyInvocationHandler.java
774,src/test/org/codehaus/groovy/runtime/JdkDynamicProxyServiceBean.java
775,src/test/org/codehaus/groovy/runtime/JdkDynamicProxyTest.java
776,src/test/org/codehaus/groovy/runtime/MetaClassHelperTest.java
777,src/test/org/codehaus/groovy/runtime/MethodFailureTest.java
778,src/test/org/codehaus/groovy/runtime/MethodKeyTest.java
779,src/test/org/codehaus/groovy/runtime/MockGroovyObject.java
780,src/test/org/codehaus/groovy/runtime/NewStaticMetaMethodTest.java
781,src/test/org/codehaus/groovy/runtime/PropertyTest.java
782,src/test/org/codehaus/groovy/runtime/StaticInitTest.java
783,src/test/org/codehaus/groovy/runtime/TupleListTest.java
784,src/test/org/codehaus/groovy/syntax/parser/TestParserSupport.java
785,src/test/org/codehaus/groovy/syntax/TokenTest.java
786,src/test/org/codehaus/groovy/tools/CompilerTest.java
787,src/test/org/codehaus/groovy/tools/DocGeneratorMain.java
788,src/test/org/codehaus/groovy/tools/FileSystemCompilerTest.java
789,src/test/org/codehaus/groovy/tools/FindAllTestsSuite.java
790,src/test/org/codehaus/groovy/tools/groovydoc/GroovyDocToolTest.java
791,src/test/org/codehaus/groovy/tools/TestDgmConverter.java
792,src/test/UberTestCaseBugs.java
793,src/test/UberTestCaseGroovySourceCodehausPackages_VM5.java
794,src/test/UberTestCaseGroovySourceCodehausPackages.java
795,src/test/UberTestCaseGroovySourceRootPackage.java
796,src/test/UberTestCaseGroovySourceSubPackages_VM5.java
797,src/test/UberTestCaseGroovySourceSubPackages.java
798,src/test/UberTestCaseJavaSourceCodehausPackages.java
799,src/test/UberTestCaseJavaSourceGroovyPackagesNonSecurity.java
800,src/test/UberTestCaseJavaSourceGroovyPackagesSecurity.java
801,src/test/UberTestCaseTCK_VM5.java
802,src/test/UberTestCaseTCK.java
803,src/main/groovy/grape/GrabAnnotationTransformation.java
804,src/main/groovy/grape/Grape.java
805,src/main/groovy/grape/GrapeEngine.java
806,src/main/groovy/lang/Category.java
807,src/main/groovy/lang/Grab.java
808,src/main/groovy/lang/Grapes.java
809,src/main/groovy/lang/Immutable.java
810,src/main/groovy/lang/Lazy.java
811,src/main/groovy/lang/MetaClassRegistryChangeEventListener.java
812,src/main/groovy/lang/Newify.java
813,src/main/groovy/lang/Singleton.java
814,src/main/groovy/swing/binding/AbstractSyntheticBinding.java
815,src/main/groovy/swing/binding/JComboBoxProperties.java
816,src/main/groovy/swing/binding/JTableProperties.java
817,src/main/groovy/swing/impl/ClosureRenderer.java
818,src/main/groovy/util/ObservableList.java
819,src/main/org/codehaus/groovy/antlr/GroovySourceToken.java
820,src/main/org/codehaus/groovy/antlr/SourceInfo.java
821,src/main/org/codehaus/groovy/binding/BindingProxy.java
822,src/main/org/codehaus/groovy/binding/BindPath.java
823,src/main/org/codehaus/groovy/binding/ClosureTriggerBinding.java
824,src/main/org/codehaus/groovy/reflection/ClassLoaderForClassArtifacts.java
825,src/main/org/codehaus/groovy/reflection/MethodHandle.java
826,src/main/org/codehaus/groovy/reflection/MethodHandleFactory.java
827,src/main/org/codehaus/groovy/reflection/MixinInMetaClass.java
828,src/main/org/codehaus/groovy/reflection/ReflectionUtils.java
829,src/main/org/codehaus/groovy/reflection/stdclasses/CachedClosureClass.java
830,src/main/org/codehaus/groovy/reflection/SunClassLoader.java
831,src/main/org/codehaus/groovy/runtime/callsite/AbstractCallSite.java
832,src/main/org/codehaus/groovy/runtime/callsite/CallSiteClassLoader.java
833,src/main/org/codehaus/groovy/runtime/callsite/CallSiteGenerator.java
834,src/main/org/codehaus/groovy/runtime/callsite/GetEffectivePogoFieldSite.java
835,src/main/org/codehaus/groovy/runtime/callsite/GetEffectivePojoPropertySite.java
836,src/main/org/codehaus/groovy/runtime/callsite/GroovySunClassLoader.java
837,src/main/org/codehaus/groovy/runtime/dgmimpl/arrays/ByteArrayGetAtMetaMethod.java
838,src/main/org/codehaus/groovy/runtime/dgmimpl/arrays/CharacterArrayGetAtMetaMethod.java
839,src/main/org/codehaus/groovy/runtime/HandleMetaClass.java
840,src/main/org/codehaus/groovy/runtime/metaclass/MixedInMetaClass.java
841,src/main/org/codehaus/groovy/runtime/metaclass/MixinInstanceMetaProperty.java
842,src/main/org/codehaus/groovy/runtime/metaclass/OwnedMetaClass.java
843,src/main/org/codehaus/groovy/transform/CategoryASTTransformation.java
844,src/main/org/codehaus/groovy/transform/DelegateASTTransformation.java
845,src/main/org/codehaus/groovy/transform/ImmutableASTTransformation.java
846,src/main/org/codehaus/groovy/transform/LazyASTTransformation.java
847,src/main/org/codehaus/groovy/transform/NewifyASTTransformation.java
848,src/main/org/codehaus/groovy/transform/SingletonASTTransformation.java
849,src/main/org/codehaus/groovy/util/AbstractConcurrentDoubleKeyMap.java
850,src/main/org/codehaus/groovy/util/AbstractConcurrentMap.java
851,src/main/org/codehaus/groovy/util/AbstractConcurrentMapBase.java
852,src/main/org/codehaus/groovy/util/ComplexKeyHashMap.java
853,src/main/org/codehaus/groovy/util/ConcurrentSoftMap.java
854,src/main/org/codehaus/groovy/util/ConcurrentWeakMap.java
855,src/main/org/codehaus/groovy/util/DoubleKeyHashMap.java
856,src/main/org/codehaus/groovy/util/FastArray.java
857,src/main/org/codehaus/groovy/util/FinalizableRef.java
858,src/main/org/codehaus/groovy/util/HashCodeHelper.java
859,src/main/org/codehaus/groovy/util/LazyReference.java
860,src/main/org/codehaus/groovy/util/LazySoftReference.java
861,src/main/org/codehaus/groovy/util/SingleKeyHashMap.java
862,src/main/org/codehaus/groovy/util/SoftDoubleKeyMap.java
863,src/test/gls/annotations/vm5/JavaAnnotation.java
